// Copyright 2026 QMK -- generated source code only, image retains original copyright
// SPDX-License-Identifier: GPL-2.0-or-later

// This file was auto-generated by `painter_convert_graphics` with arguments:
//    format | rgb565
//    output | gfx
//    input  | cat160x80.gif

// Image's metadata
// ----------------
// Width: 160
// Height: 80
// Single frame

#include <qp.h>

const uint32_t gfx_cat160x80_length = 24437;

// clang-format off
const uint8_t gfx_cat160x80[24437] = {
    0x00, 0xFF, 0x12, 0x00, 0x00, 0x51, 0x47, 0x46, 0x01, 0x75, 0x5F, 0x00, 0x00, 0x8A, 0xA0, 0xFF,
    0xFF, 0xA0, 0x00, 0x50, 0x00, 0x01, 0x00, 0x01, 0xFE, 0x04, 0x00, 0x00, 0x20, 0x00, 0x00, 0x00,
    0x02, 0xFD, 0x06, 0x00, 0x00, 0x08, 0x00, 0x01, 0xFF, 0x64, 0x00, 0x05, 0xFA, 0x45, 0x5F, 0x00,
    0xFF, 0x01, 0x8C, 0x01, 0x8C, 0x01, 0x8C, 0x01, 0x8C, 0x01, 0x8C, 0x01, 0x8C, 0x01, 0x8C, 0x01,
    0x8C, 0x01, 0x8C, 0x01, 0x8C, 0x01, 0x8C, 0x01, 0x8C, 0x01, 0x8C, 0x01, 0x8C, 0x01, 0x8C, 0x01,
    0x8C, 0x01, 0x8C, 0x01, 0x8C, 0x01, 0x8C, 0x01, 0x8C, 0x01, 0x8C, 0x01, 0x8C, 0x01, 0x8C, 0x01,
    0x8C, 0x01, 0x8C, 0x01, 0x8C, 0x01, 0x8C, 0x01, 0x8C, 0x01, 0x8C, 0x01, 0x8C, 0x01, 0x8C, 0x01,
    0x8C, 0x01, 0x8C, 0x01, 0x8C, 0x01, 0x8C, 0x01, 0x8C, 0x01, 0x8C, 0x01, 0x8C, 0x01, 0x8C, 0x01,
    0x8C, 0x01, 0x8C, 0x01, 0x8C, 0x01, 0x8C, 0x01, 0x8C, 0x01, 0x8C, 0x01, 0x8C, 0x01, 0x8C, 0x01,
    0x8C, 0x01, 0x8C, 0x01, 0x8C, 0x01, 0x8C, 0x01, 0x8C, 0x01, 0x8C, 0x01, 0x8C, 0x01, 0x8C, 0x01,
    0x8C, 0x01, 0x8C, 0x01, 0x8C, 0x01, 0x8C, 0x01, 0x8C, 0x01, 0x8C, 0x01, 0x8C, 0x01, 0x8C, 0x01,
    0x8C, 0xFF, 0x01, 0x8C, 0x01, 0x8C, 0x01, 0x8C, 0x01, 0x8C, 0x01, 0x8C, 0x01, 0x8C, 0x01, 0x8C,
    0x01, 0x8C, 0x01, 0x8C, 0x01, 0x8C, 0x01, 0x8C, 0x01, 0x8C, 0x01, 0x8C, 0x01, 0x8C, 0x01, 0x8C,
    0x01, 0x8C, 0x01, 0x8C, 0x01, 0x8C, 0x01, 0x8C, 0x01, 0x8C, 0x01, 0x8C, 0x01, 0x8C, 0x01, 0x8C,
    0x01, 0x8C, 0x01, 0x8C, 0x01, 0x8C, 0x01, 0x8C, 0x01, 0x8C, 0x01, 0x8C, 0x01, 0x8C, 0x01, 0x8C,
    0x01, 0x8C, 0x01, 0x8C, 0x01, 0x8C, 0x01, 0x8C, 0x01, 0x8C, 0x01, 0x8C, 0x01, 0x8C, 0x01, 0x8C,
    0x01, 0x8C, 0x01, 0x8C, 0x01, 0x8C, 0x01, 0x8C, 0x01, 0x8C, 0x01, 0x8C, 0x01, 0x8C, 0x01, 0x8C,
    0x01, 0x8C, 0x01, 0x8C, 0x01, 0x8C, 0x01, 0x8C, 0x01, 0x8C, 0x01, 0x8C, 0x01, 0x8C, 0x01, 0x8C,
    0x01, 0x8C, 0x01, 0x8C, 0x01, 0x8C, 0x01, 0x8C, 0x01, 0x8C, 0x01, 0x8C, 0x01, 0x8C, 0x01, 0x8C,
    0x01, 0x8D, 0x83, 0x01, 0xAD, 0xE7, 0x5D, 0x04, 0xFF, 0xA1, 0x8D, 0x17, 0x01, 0x0B, 0x01, 0x8C,
    0x01, 0x8C, 0x01, 0x8C, 0x01, 0x8C, 0x01, 0x8C, 0x01, 0x8C, 0x01, 0x8C, 0x01, 0x8C, 0x01, 0x8C,
    0x01, 0x8C, 0x01, 0x8C, 0x01, 0x8C, 0x01, 0x8C, 0x00, 0x4A, 0xCE, 0xFC, 0x04, 0xFF, 0xFF, 0xBE,
    0x3A, 0x01, 0x4C, 0x01, 0x8C, 0x01, 0x8C, 0x01, 0x8C, 0x01, 0x8C, 0x01, 0x8C, 0x01, 0x8C, 0x01,
    0x8C, 0x01, 0x8C, 0x01, 0x8C, 0x01, 0x8C, 0x01, 0x8C, 0x01, 0x8C, 0x01, 0x8C, 0x01, 0x8C, 0x01,
    0x8C, 0x01, 0x8C, 0x01, 0x8C, 0x01, 0x8C, 0x01, 0x8C, 0x01, 0x8C, 0x01, 0x8C, 0x01, 0x8C, 0x01,
    0x8C, 0x01, 0x8C, 0x01, 0x8C, 0x01, 0x8C, 0x01, 0x8C, 0x01, 0x8C, 0x01, 0x8C, 0x01, 0x8C, 0x01,
    0x8C, 0x01, 0x8C, 0x01, 0x8C, 0x01, 0x8C, 0x01, 0x8C, 0x01, 0x8C, 0x01, 0x8C, 0x01, 0x8C, 0x01,
    0x8C, 0x01, 0x8C, 0x01, 0x8C, 0x01, 0x8C, 0x01, 0x8C, 0x01, 0x8C, 0x01, 0x8C, 0x01, 0x8C, 0x01,
    0x8C, 0x01, 0x8C, 0x01, 0x8C, 0x01, 0x8C, 0x01, 0x8C, 0x01, 0x8C, 0x01, 0x8C, 0x01, 0x8C, 0x01,
    0x8C, 0x01, 0x8C, 0x01, 0x8C, 0x01, 0x8C, 0x01, 0x8C, 0x01, 0x8C, 0x01, 0x8C, 0x01, 0x8C, 0xFF,
    0x01, 0x8C, 0x01, 0x8C, 0x01, 0x8C, 0x01, 0x8C, 0x01, 0x8C, 0x01, 0x8C, 0x01, 0x8C, 0x01, 0x8C,
    0x01, 0x8C, 0x01, 0x8C, 0x01, 0x8C, 0x01, 0x8C, 0x01, 0x8C, 0x01, 0x8C, 0x01, 0x8C, 0x01, 0x8C,
    0x01, 0x8C, 0x01, 0x8C, 0x01, 0x8C, 0x01, 0x8C, 0x01, 0x8C, 0x01, 0x8C, 0x01, 0x8C, 0x01, 0x8C,
    0x01, 0x8C, 0x01, 0x8C, 0x01, 0x8C, 0x01, 0x8C, 0x01, 0x8C, 0x01, 0x8C, 0x01, 0x8C, 0x01, 0x8C,
    0x01, 0x8C, 0x01, 0x8C, 0x01, 0x8C, 0x01, 0x8C, 0x01, 0x8C, 0x01, 0x8C, 0x01, 0x8C, 0x01, 0x8C,
    0x01, 0x8C, 0x01, 0x8C, 0x01, 0x8C, 0x01, 0x8C, 0x01, 0x8C, 0x01, 0x8C, 0x01, 0x8C, 0x01, 0x8C,
    0x01, 0x8C, 0x01, 0x8C, 0x01, 0x8C, 0x01, 0x8C, 0x01, 0x8C, 0x01, 0x8C, 0x01, 0x8C, 0x01, 0x8C,
    0x01, 0x8C, 0x01, 0x8C, 0x01, 0x8C, 0x01, 0x8C, 0x01, 0x8C, 0x01, 0x8C, 0x01, 0x8C, 0x01, 0x8C,
    0xFF, 0x01, 0x8C, 0x01, 0x8C, 0x01, 0x8C, 0x01, 0x8C, 0x01, 0x8C, 0x01, 0x8C, 0x01, 0x8C, 0x01,
    0x8C, 0x01, 0x8C, 0x01, 0xAD, 0xBE, 0x3A, 0xCE, 0xFC, 0xBE, 0x3A, 0x74, 0x75, 0x01, 0x4C, 0x01,
    0x8C, 0x01, 0x8C, 0x01, 0x8C, 0x01, 0x8C, 0x01, 0x8C, 0x01, 0x8C, 0x01, 0x8C, 0x01, 0x8C, 0x01,
    0x8C, 0x01, 0x8C, 0x01, 0x8C, 0x01, 0x8C, 0x01, 0x8C, 0x01, 0x0B, 0xA5, 0x98, 0xCE, 0xFC, 0xCE,
    0xFC, 0x8D, 0x17, 0x01, 0x8D, 0x01, 0x8C, 0x01, 0x8C, 0x01, 0x8C, 0x01, 0x8C, 0x01, 0x8C, 0x01,
    0x8C, 0x01, 0x8C, 0x01, 0x8C, 0x01, 0x8C, 0x01, 0x8C, 0x01, 0x8C, 0x01, 0x8C, 0x01, 0x8C, 0x01,
    0x8C, 0x01, 0x8C, 0x01, 0x8C, 0x01, 0x8C, 0x01, 0x8C, 0x01, 0x8C, 0x01, 0x8C, 0x01, 0x8C, 0x01,
    0x8C, 0x01, 0x8C, 0x01, 0x8C, 0x01, 0x8C, 0x01, 0x8C, 0x01, 0x8C, 0x01, 0x8C, 0x01, 0x8C, 0x01,
    0x8C, 0xFF, 0x01, 0x8C, 0x01, 0x8C, 0x01, 0x8C, 0x01, 0x8C, 0x01, 0x8C, 0x01, 0x8C, 0x01, 0x8C,
    0x01, 0x8C, 0x01, 0x8C, 0x01, 0x8C, 0x01, 0x8C, 0x01, 0x8C, 0x01, 0x8C, 0x01, 0x8C, 0x01, 0x8C,
    0x01, 0x8C, 0x01, 0x8C, 0x01, 0x8C, 0x01, 0x8C, 0x01, 0x8C, 0x01, 0x8C, 0x01, 0x8C, 0x01, 0x8C,
    0x01, 0x8C, 0x01, 0x8C, 0x01, 0x8C, 0x01, 0x8C, 0x01, 0x8C, 0x01, 0x8C, 0x01, 0x8C, 0x01, 0x8C,
    0x01, 0x8C, 0x01, 0x8C, 0x01, 0x8C, 0x01, 0x8C, 0x01, 0x8C, 0x01, 0x8C, 0x01, 0x8C, 0x01, 0x8C,
    0x01, 0x8C, 0x01, 0x8C, 0x01, 0x8C, 0x01, 0x8C, 0x01, 0x8C, 0x01, 0x8C, 0x01, 0x8C, 0x01, 0x8C,
    0x01, 0x8C, 0x01, 0x8C, 0x01, 0x8C, 0x01, 0x8C, 0x01, 0x8C, 0x01, 0x8C, 0x01, 0x8C, 0x01, 0x8C,
    0x01, 0x8C, 0x01, 0x8C, 0x01, 0x8C, 0x01, 0x8C, 0x01, 0x8C, 0x01, 0x8C, 0x01, 0x8C, 0x01, 0x8C,
    0x01, 0x8C, 0xFF, 0x01, 0x8C, 0x01, 0x8C, 0x01, 0x8C, 0x01, 0x8C, 0x01, 0x8C, 0x01, 0x8C, 0x01,
    0x8C, 0x01, 0x8C, 0x01, 0x8C, 0x01, 0x8C, 0x01, 0x8C, 0x01, 0x8C, 0x01, 0x8C, 0x01, 0x8C, 0x01,
    0x8C, 0x01, 0x8C, 0x01, 0x8C, 0x01, 0x8C, 0x01, 0x8C, 0x01, 0x8C, 0x01, 0x8C, 0x01, 0x8C, 0x01,
    0x8C, 0x01, 0x8C, 0x01, 0x8C, 0x01, 0x8C, 0x01, 0x8C, 0x01, 0x8C, 0x01, 0x8C, 0x01, 0x8C, 0x01,
    0x8C, 0x01, 0x8C, 0x01, 0x8C, 0x01, 0x8C, 0x01, 0x8C, 0x01, 0x8C, 0x01, 0x8C, 0x01, 0x8C, 0x01,
    0x8C, 0x01, 0x8C, 0x01, 0x8C, 0x01, 0x8C, 0x01, 0x0B, 0x00, 0xAA, 0x00, 0xAA, 0x01, 0x4C, 0x01,
    0x8C, 0x01, 0x8C, 0x01, 0x8C, 0x01, 0x8C, 0x01, 0x8C, 0x01, 0x8C, 0x01, 0x8C, 0x01, 0x8C, 0x01,
    0x8C, 0x01, 0x8C, 0x01, 0x8C, 0x01, 0x8C, 0x01, 0x8C, 0x01, 0x8C, 0x01, 0x8C, 0x01, 0x0B, 0x00,
    0xAA, 0x00, 0xAA, 0xFF, 0x01, 0x4C, 0x01, 0x8C, 0x01, 0x8C, 0x01, 0x8C, 0x01, 0x8C, 0x01, 0x8C,
    0x01, 0x8C, 0x01, 0x8C, 0x01, 0x8C, 0x01, 0x8C, 0x01, 0x8C, 0x01, 0x8C, 0x01, 0x8C, 0x01, 0x8C,
    0x01, 0x8C, 0x01, 0x8C, 0x01, 0x8C, 0x01, 0x8C, 0x01, 0x8C, 0x01, 0x8C, 0x01, 0x8C, 0x01, 0x8C,
    0x01, 0x8C, 0x01, 0x8C, 0x01, 0x8C, 0x01, 0x8C, 0x01, 0x8C, 0x01, 0x8C, 0x01, 0x8C, 0x01, 0x8C,
    0x01, 0x8C, 0x01, 0x8C, 0x01, 0x8C, 0x01, 0x8C, 0x01, 0x8C, 0x01, 0x8C, 0x01, 0x8C, 0x01, 0x8C,
    0x01, 0x8C, 0x01, 0x8C, 0x01, 0x8C, 0x01, 0x8C, 0x01, 0x8C, 0x01, 0x8C, 0x01, 0x8C, 0x01, 0x8C,
    0x01, 0x8C, 0x01, 0x8C, 0x01, 0x8C, 0x01, 0x8C, 0x01, 0x8C, 0x01, 0x8C, 0x01, 0x8C, 0x01, 0x8C,
    0x01, 0x8C, 0x01, 0x8C, 0x01, 0x8C, 0x01, 0x8C, 0x01, 0x8C, 0x01, 0x8C, 0x01, 0x8C, 0x01, 0x8C,
    0x01, 0x8C, 0x01, 0x8C, 0xFF, 0x01, 0x8C, 0x01, 0x8C, 0x01, 0x8C, 0x01, 0x8C, 0x01, 0x8C, 0x01,
    0x8C, 0x01, 0x8C, 0x01, 0x8C, 0x01, 0x8C, 0x01, 0x8C, 0x01, 0x8C, 0x01, 0x8C, 0x01, 0x8C, 0x01,
    0x8C, 0x01, 0x8C, 0x01, 0x8C, 0x01, 0x8C, 0x01, 0x8C, 0x01, 0x8C, 0x01, 0x8C, 0x01, 0x8C, 0x01,
    0x8C, 0x01, 0x8C, 0x01, 0x8C, 0x01, 0x8C, 0x01, 0x8C, 0x01, 0x8C, 0x01, 0x8C, 0x01, 0x8C, 0x01,
    0x8C, 0x01, 0x8C, 0x01, 0x8C, 0x01, 0x8C, 0x01, 0x8C, 0x01, 0x8C, 0x01, 0x8C, 0x01, 0x8C, 0x01,
    0x8C, 0x01, 0x8C, 0x01, 0x8C, 0x01, 0x8C, 0x01, 0x8C, 0x01, 0x8C, 0x01, 0x8C, 0x01, 0x8C, 0x01,
    0x8C, 0x01, 0x8C, 0x01, 0x8C, 0x01, 0x8C, 0x01, 0x8C, 0x01, 0x8C, 0x01, 0x8C, 0x01, 0x8C, 0x01,
    0x8C, 0x01, 0x8C, 0x01, 0x8C, 0x01, 0x8C, 0x01, 0x8C, 0x01, 0x8C, 0x01, 0x8C, 0x01, 0x8C, 0x01,
    0x8C, 0x01, 0x8C, 0x01, 0x8C, 0xFF, 0x01, 0x8C, 0x01, 0x8C, 0x01, 0x8C, 0x01, 0x8C, 0x01, 0x8C,
    0x01, 0x8C, 0x01, 0x8C, 0x01, 0x8C, 0x01, 0x8C, 0x01, 0x8C, 0x01, 0x8C, 0x01, 0x8C, 0x01, 0x8C,
    0x01, 0x8C, 0x01, 0x8C, 0x01, 0x8C, 0x01, 0x8C, 0x01, 0x8C, 0x01, 0x8C, 0x01, 0x8C, 0x01, 0x8C,
    0x01, 0x8C, 0x01, 0x8C, 0x01, 0x8C, 0x01, 0x8C, 0x01, 0x8C, 0x01, 0x8C, 0x01, 0x8C, 0x01, 0x8C,
    0x01, 0x8C, 0x01, 0x8C, 0x01, 0x8C, 0x01, 0x8C, 0x01, 0x8C, 0x01, 0x8C, 0x01, 0x8C, 0x01, 0x8C,
    0x01, 0x8C, 0x01, 0x8C, 0x01, 0x8C, 0x01, 0x8C, 0x01, 0x8C, 0x01, 0x8C, 0x01, 0x8C, 0x01, 0x8C,
    0x01, 0x8C, 0x01, 0x8C, 0x01, 0x8C, 0x01, 0x8C, 0x01, 0x8C, 0x01, 0x8C, 0x01, 0x8C, 0x01, 0x8C,
    0x01, 0x8C, 0x01, 0x8C, 0x01, 0x8C, 0x01, 0x8C, 0x01, 0x8C, 0x01, 0x8C, 0x01, 0x8C, 0x01, 0x8C,
    0x01, 0x8C, 0x01, 0x8C, 0x01, 0x8C, 0xFF, 0x01, 0x8C, 0x01, 0x8C, 0x01, 0x8C, 0x01, 0x8C, 0x01,
    0x8C, 0x01, 0x8C, 0x01, 0x8C, 0x01, 0x8C, 0x01, 0x8C, 0x01, 0x8C, 0x01, 0x8C, 0x01, 0x8C, 0x01,
    0x8C, 0x01, 0x8C, 0x01, 0x8C, 0x01, 0x8C, 0x01, 0x8C, 0x01, 0x8C, 0x01, 0x8C, 0x01, 0x8C, 0x01,
    0x8C, 0x01, 0x8C, 0x01, 0x8C, 0x01, 0x8C, 0x01, 0x8C, 0x01, 0x8C, 0x01, 0x8C, 0x01, 0x8C, 0x01,
    0x8C, 0x01, 0x8C, 0x01, 0x8C, 0x01, 0x8C, 0x01, 0x8C, 0x01, 0x8C, 0x01, 0x8C, 0x01, 0x8C, 0x01,
    0x8C, 0x01, 0x8C, 0x01, 0x8C, 0x01, 0x8C, 0x01, 0x8C, 0x01, 0x8C, 0x01, 0x8C, 0x01, 0x8C, 0x01,
    0x8C, 0x01, 0x8C, 0x01, 0x8C, 0x01, 0x8C, 0x01, 0x8C, 0x01, 0x8C, 0x01, 0x8C, 0x01, 0x8C, 0x01,
    0x8C, 0x01, 0x8C, 0x01, 0x8C, 0x01, 0x8C, 0x01, 0x8C, 0x01, 0x8C, 0x01, 0x8C, 0x01, 0x8C, 0x01,
    0x8C, 0x01, 0x8C, 0x01, 0x8C, 0x01, 0x8C, 0xFF, 0x01, 0x8C, 0x01, 0x8C, 0x01, 0x8C, 0x01, 0x8C,
    0x01, 0x8C, 0x01, 0x8C, 0x01, 0x8C, 0x01, 0x8C, 0x01, 0x8C, 0x01, 0x8C, 0x01, 0x8C, 0x01, 0x8C,
    0x01, 0x8C, 0x01, 0x8C, 0x01, 0x8C, 0x01, 0x8C, 0x01, 0x8C, 0x01, 0x8C, 0x01, 0x8C, 0x01, 0x8C,
    0x01, 0x8C, 0x01, 0x8C, 0x01, 0x8C, 0x01, 0x8C, 0x01, 0x8C, 0x01, 0x8C, 0x01, 0x8C, 0x01, 0x8C,
    0x01, 0x8C, 0x01, 0x8C, 0x01, 0x8C, 0x01, 0x8C, 0x01, 0x8C, 0x01, 0x8C, 0x01, 0x8C, 0x01, 0x8C,
    0x01, 0x8C, 0x01, 0x8C, 0x01, 0x8C, 0x01, 0x8C, 0x01, 0x8C, 0x01, 0x8C, 0x01, 0x8C, 0x01, 0x8C,
    0x01, 0x8C, 0x01, 0x8C, 0x01, 0x8C, 0x01, 0x8C, 0x01, 0x8C, 0x01, 0x8C, 0x01, 0x8C, 0x01, 0x8C,
    0x01, 0x8C, 0x01, 0x8C, 0x01, 0x8C, 0x01, 0x8C, 0x01, 0x8C, 0x01, 0x8C, 0x01, 0x8C, 0x01, 0x8C,
    0x01, 0x8C, 0x01, 0x8C, 0x01, 0x8C, 0x01, 0x8C, 0xFF, 0x01, 0x8C, 0x01, 0x8C, 0x01, 0x8C, 0x01,
    0x8C, 0x01, 0x8C, 0x01, 0x8C, 0x01, 0x8C, 0x01, 0x8C, 0x01, 0x8C, 0x01, 0x8C, 0x01, 0x8C, 0x01,
    0x8C, 0x01, 0x8C, 0x01, 0x8C, 0x01, 0x8C, 0x01, 0x8C, 0x01, 0x8C, 0x01, 0x8C, 0x01, 0x8C, 0x01,
    0x8C, 0x01, 0x8C, 0x01, 0x8C, 0x01, 0x8C, 0x01, 0x8C, 0x01, 0x8C, 0x01, 0x8C, 0x01, 0x8C, 0x01,
    0x8C, 0x01, 0x8C, 0x01, 0x8C, 0x01, 0x8C, 0x01, 0x8C, 0x01, 0x8C, 0x01, 0x8C, 0x01, 0x8C, 0x01,
    0x8C, 0x01, 0x8C, 0x01, 0x8C, 0x01, 0x8C, 0x01, 0x8C, 0x01, 0x8C, 0x01, 0x8C, 0x01, 0x8C, 0x01,
    0x8C, 0x01, 0x8C, 0x01, 0x8C, 0x01, 0x8C, 0x01, 0x8C, 0x01, 0x8C, 0x01, 0x8C, 0x01, 0x8C, 0x01,
    0x8C, 0x01, 0x8C, 0x01, 0x8C, 0x01, 0x8C, 0x01, 0x8C, 0x01, 0x8C, 0x01, 0x8C, 0x01, 0x8C, 0x01,
    0x8C, 0x01, 0x8C, 0x01, 0x8C, 0x01, 0x8C, 0x01, 0x8C, 0xFF, 0x01, 0x8C, 0x01, 0x8C, 0x01, 0x8C,
    0x01, 0x8C, 0x01, 0x8C, 0x01, 0x8C, 0x01, 0x8C, 0x01, 0x8C, 0x01, 0x8C, 0x01, 0x8C, 0x01, 0x8C,
    0x01, 0x8C, 0x01, 0x8C, 0x01, 0x8C, 0x01, 0x8C, 0x01, 0x8C, 0x01, 0x8C, 0x01, 0x8C, 0x01, 0x8C,
    0x01, 0x8C, 0x01, 0x8C, 0x01, 0x8C, 0x01, 0x8C, 0x01, 0x8C, 0x01, 0x8C, 0x01, 0x8C, 0x01, 0x8C,
    0x01, 0x8C, 0x01, 0x8C, 0x01, 0x8C, 0x01, 0x8C, 0x01, 0x8C, 0x01, 0x8C, 0x01, 0x8C, 0x01, 0x8C,
    0x01, 0x8C, 0x01, 0x8C, 0x01, 0x8C, 0x01, 0x8C, 0x01, 0x8C, 0x01, 0x8C, 0x01, 0x8C, 0x01, 0x8C,
    0x01, 0x8C, 0x01, 0x8C, 0x01, 0x8C, 0x01, 0x8C, 0x01, 0x8C, 0x01, 0x8C, 0x01, 0x8C, 0x01, 0x8C,
    0x01, 0x8C, 0x01, 0x8C, 0x01, 0x8C, 0x01, 0x8C, 0x01, 0x8C, 0x01, 0x8C, 0x01, 0x8C, 0x01, 0x8C,
    0x01, 0x8C, 0x01, 0x8C, 0x01, 0x8C, 0x01, 0x8C, 0x01, 0x8C, 0xFF, 0x01, 0x8C, 0x01, 0x8C, 0x01,
    0x8C, 0x01, 0x8C, 0x01, 0x8C, 0x01, 0x8C, 0x01, 0x8C, 0x01, 0x8C, 0x01, 0x8C, 0x01, 0x8C, 0x01,
    0x8C, 0x01, 0x8C, 0x01, 0x8C, 0x01, 0x8C, 0x01, 0x8C, 0x01, 0x8C, 0x01, 0x8C, 0x01, 0x8C, 0x01,
    0x8C, 0x01, 0x8C, 0x01, 0x8C, 0x01, 0x8C, 0x01, 0x8C, 0x01, 0x8C, 0x01, 0x8C, 0x01, 0x8C, 0x01,
    0x8C, 0x01, 0x8C, 0x01, 0x8C, 0x01, 0x8C, 0x01, 0x8C, 0x01, 0x8C, 0x01, 0x8C, 0x01, 0x8C, 0x01,
    0x8C, 0x01, 0x8C, 0x01, 0x8C, 0x01, 0x8C, 0x01, 0x8C, 0x01, 0x8C, 0x01, 0x8C, 0x01, 0x8C, 0x01,
    0x8C, 0x01, 0x8C, 0x01, 0x8C, 0x01, 0x8C, 0x01, 0x8C, 0x01, 0x8C, 0x01, 0x8C, 0x01, 0x8C, 0x01,
    0x8C, 0x01, 0x8C, 0x01, 0x8C, 0x01, 0x8C, 0x01, 0x8C, 0x01, 0x8C, 0x01, 0x8C, 0x01, 0x8C, 0x01,
    0x8C, 0x01, 0x8C, 0x01, 0x8C, 0x01, 0x8C, 0x01, 0x8C, 0x01, 0x8C, 0xFF, 0x01, 0x8C, 0x01, 0x8C,
    0x01, 0x8C, 0x01, 0x8C, 0x01, 0x8C, 0x01, 0x8C, 0x01, 0x8C, 0x01, 0x8C, 0x01, 0x8C, 0x01, 0x8C,
    0x01, 0x8C, 0x01, 0x8C, 0x01, 0x8C, 0x01, 0x8C, 0x01, 0x8C, 0x01, 0x8C, 0x01, 0x8C, 0x01, 0x8C,
    0x01, 0x8C, 0x01, 0x8C, 0x01, 0x8C, 0x01, 0x8C, 0x01, 0x8C, 0x01, 0x8C, 0x01, 0x8C, 0x01, 0x8C,
    0x01, 0x8C, 0x01, 0x8C, 0x01, 0x8C, 0x01, 0x8C, 0x01, 0x8C, 0x01, 0x8C, 0x01, 0x8C, 0x01, 0x8C,
    0x01, 0x8C, 0x01, 0x8C, 0x01, 0x8C, 0x01, 0x8C, 0x01, 0x8C, 0x01, 0x8C, 0x01, 0x8C, 0x01, 0x8C,
    0x01, 0x8C, 0x01, 0x8C, 0x01, 0x8C, 0x01, 0x8C, 0x01, 0x8C, 0x01, 0x8C, 0x01, 0x8C, 0x01, 0x8C,
    0x01, 0x8C, 0x01, 0x8C, 0x01, 0x8C, 0x01, 0x8C, 0x01, 0x8C, 0x01, 0x8C, 0x01, 0x8C, 0x01, 0x8C,
    0x01, 0x8C, 0x01, 0x8C, 0x01, 0x8C, 0x01, 0x8C, 0x01, 0x8C, 0x01, 0x8C, 0xFF, 0x01, 0x8C, 0x01,
    0x8C, 0x01, 0x8C, 0x01, 0x8C, 0x01, 0x8C, 0x01, 0x8C, 0x01, 0x8C, 0x01, 0x8C, 0x01, 0x8C, 0x01,
    0x8C, 0x01, 0x8C, 0x01, 0x8C, 0x01, 0x8C, 0x01, 0x8C, 0x01, 0x8C, 0x01, 0x8C, 0x01, 0x8C, 0x01,
    0x8C, 0x01, 0x8C, 0x01, 0x8C, 0x01, 0x8C, 0x01, 0x8C, 0x01, 0x8C, 0x01, 0x8C, 0x01, 0x8C, 0x01,
    0x8C, 0x01, 0x8C, 0x01, 0x8C, 0x01, 0x8C, 0x01, 0x8C, 0x01, 0x8C, 0x01, 0x8C, 0x01, 0x8C, 0x01,
    0x8C, 0x01, 0x8C, 0x01, 0x8C, 0x01, 0x8C, 0x01, 0x8C, 0x01, 0x8C, 0x01, 0x8C, 0x01, 0x8C, 0x01,
    0x8C, 0x01, 0x8C, 0x01, 0x8C, 0x01, 0x8C, 0x01, 0x8C, 0x01, 0x8C, 0x01, 0x8C, 0x01, 0x8C, 0x01,
    0x8C, 0x01, 0x8C, 0x01, 0x8C, 0x01, 0x4C, 0x01, 0x4C, 0x01, 0x8D, 0x01, 0x8C, 0x01, 0x8C, 0x01,
    0x8C, 0x01, 0x8C, 0x01, 0x8C, 0x01, 0x8C, 0x01, 0x8C, 0x01, 0x8C, 0x01, 0x8C, 0xFF, 0x01, 0x8C,
    0x01, 0x8C, 0x01, 0x8C, 0x01, 0x8C, 0x01, 0x8C, 0x01, 0x8C, 0x01, 0x8C, 0x01, 0x8C, 0x01, 0x8C,
    0x01, 0x8C, 0x01, 0x8C, 0x01, 0x8C, 0x01, 0x8C, 0x01, 0x8C, 0x01, 0x8C, 0x01, 0x8C, 0x01, 0x8C,
    0x01, 0x8C, 0x01, 0x8C, 0x01, 0x8C, 0x01, 0x8C, 0x01, 0x8C, 0x01, 0x8C, 0x01, 0x8C, 0x01, 0x8C,
    0x01, 0x8C, 0x01, 0x8C, 0x01, 0x8C, 0x01, 0x8C, 0x01, 0x8C, 0x01, 0x8C, 0x01, 0x8C, 0x01, 0x8C,
    0x01, 0x8C, 0x01, 0x8C, 0x01, 0x8C, 0x01, 0x8C, 0x01, 0x8C, 0x01, 0x8C, 0x01, 0x8C, 0x01, 0x8C,
    0x01, 0x8C, 0x01, 0x8C, 0x01, 0x8C, 0x01, 0x8C, 0x01, 0x8C, 0x01, 0x8C, 0x01, 0x8C, 0x01, 0x8C,
    0x01, 0x8C, 0x01, 0x8C, 0x01, 0x8C, 0x01, 0x8C, 0x01, 0x8C, 0x01, 0x8C, 0x01, 0x8C, 0x01, 0x8C,
    0x01, 0x8C, 0x01, 0x8C, 0x01, 0x8C, 0x01, 0x8C, 0x01, 0x8C, 0x01, 0x8C, 0x01, 0x8C, 0xFF, 0x01,
    0x8C, 0x01, 0x8C, 0x01, 0x8C, 0x01, 0x8C, 0x01, 0x8C, 0x01, 0x8C, 0x01, 0x8C, 0x01, 0x8C, 0x01,
    0x8C, 0x01, 0x8C, 0x01, 0x8C, 0x01, 0x8C, 0x01, 0x8C, 0x01, 0x8C, 0x01, 0x8C, 0x01, 0x8C, 0x01,
    0x8C, 0x01, 0x8C, 0x01, 0x8C, 0x01, 0x8C, 0x01, 0x8C, 0x01, 0x8C, 0x01, 0x8C, 0x01, 0x8C, 0x01,
    0x8C, 0x01, 0x8C, 0x01, 0x8C, 0x01, 0x8C, 0x01, 0x8C, 0x01, 0x8C, 0x01, 0x8C, 0x01, 0x8C, 0x01,
    0x8C, 0x01, 0x8C, 0x01, 0x8C, 0x01, 0x8C, 0x01, 0x8C, 0x01, 0x8C, 0x01, 0x8C, 0x01, 0x8C, 0x01,
    0x8C, 0x01, 0x8C, 0x01, 0x8C, 0x01, 0x8C, 0x01, 0x8C, 0x01, 0x8C, 0x01, 0x8C, 0x01, 0x8C, 0x01,
    0x8C, 0x01, 0x8C, 0x01, 0x8C, 0x01, 0x8C, 0x01, 0x8C, 0x01, 0x8C, 0x01, 0x8C, 0x01, 0x8C, 0x01,
    0x8C, 0x01, 0x8C, 0x01, 0x8C, 0x01, 0x8C, 0x01, 0x8C, 0x01, 0x8C, 0x01, 0x8C, 0x01, 0x8C, 0xFF,
    0x01, 0x8C, 0x01, 0x8C, 0x01, 0x8C, 0x01, 0x8C, 0x01, 0x8C, 0x01, 0x8C, 0x01, 0x8C, 0x01, 0x8C,
    0x01, 0x8C, 0x01, 0x8C, 0x01, 0x8C, 0x01, 0x8C, 0x01, 0x8C, 0x01, 0x8C, 0x01, 0x8C, 0x01, 0x8C,
    0x01, 0x8C, 0x01, 0x8C, 0x01, 0x8C, 0x01, 0xAD, 0x01, 0xAD, 0x01, 0xAD, 0x01, 0xAD, 0x01, 0x8C,
    0x01, 0x8C, 0x01, 0x8C, 0x01, 0x8C, 0x01, 0x8C, 0x01, 0x8C, 0x01, 0x8C, 0x01, 0x8C, 0x01, 0x8C,
    0x01, 0x8C, 0x01, 0x8C, 0x01, 0x8C, 0x01, 0x8C, 0x01, 0x8C, 0x01, 0x8C, 0x01, 0x8C, 0x01, 0x8C,
    0x01, 0x8C, 0x01, 0x8C, 0x01, 0x8C, 0x01, 0x8C, 0x01, 0x8C, 0x01, 0x8C, 0x01, 0x8C, 0x01, 0x8C,
    0x01, 0x8C, 0x01, 0x8C, 0x01, 0x8C, 0x01, 0x8C, 0x01, 0x8C, 0x01, 0x8C, 0x01, 0x8C, 0x01, 0x8C,
    0x01, 0x8C, 0x01, 0x8C, 0x01, 0x8C, 0x01, 0x8C, 0x01, 0x8C, 0x01, 0x8C, 0x01, 0x8C, 0x01, 0x8C,
    0xFF, 0x01, 0x8C, 0x01, 0x8C, 0x01, 0x8C, 0x01, 0x8C, 0x01, 0x8C, 0x01, 0x8C, 0x01, 0x8C, 0x01,
    0x8C, 0x01, 0x8C, 0x01, 0x8C, 0x01, 0x8C, 0x01, 0x8C, 0x01, 0x8C, 0x01, 0x8C, 0x01, 0x8C, 0x01,
    0x8C, 0x01, 0x8C, 0x01, 0x8C, 0x01, 0x8C, 0x01, 0x8C, 0x01, 0x8C, 0x01, 0x8C, 0x01, 0x8C, 0x01,
    0x8C, 0x01, 0x8C, 0x01, 0x8C, 0x01, 0x8C, 0x01, 0x8C, 0x01, 0x8C, 0x01, 0x8C, 0x01, 0x8C, 0x01,
    0x8C, 0x01, 0x8C, 0x01, 0x8C, 0x01, 0x8C, 0x01, 0x8C, 0x01, 0x8C, 0x01, 0x8C, 0x01, 0x8C, 0x01,
    0x8C, 0x01, 0x8C, 0x01, 0x8C, 0x01, 0x8C, 0x01, 0x8C, 0x01, 0x8C, 0x01, 0x8C, 0x01, 0x8C, 0x01,
    0x8C, 0x01, 0x8C, 0x01, 0x8C, 0x01, 0x8C, 0x01, 0x8C, 0x01, 0x8C, 0x01, 0x8C, 0x01, 0x8C, 0x01,
    0x8C, 0x01, 0x8C, 0x01, 0x8C, 0x01, 0x8C, 0x01, 0x8C, 0x01, 0x8C, 0x01, 0x8C, 0x01, 0x8C, 0x01,
    0x8C, 0xE7, 0x01, 0x8C, 0x01, 0x8C, 0x01, 0x8C, 0x01, 0x8C, 0x01, 0x8C, 0x01, 0x8C, 0x01, 0x8C,
    0x01, 0x8C, 0x01, 0x8C, 0x01, 0x8C, 0x01, 0x8C, 0x01, 0x8C, 0x01, 0x8C, 0x01, 0x8C, 0x01, 0x8C,
    0x01, 0x8C, 0x01, 0x8C, 0x01, 0x8C, 0x01, 0x8C, 0x01, 0x8C, 0x01, 0x8C, 0x01, 0x8C, 0x01, 0x8C,
    0x01, 0x8C, 0x01, 0x8C, 0x01, 0x8C, 0x01, 0x8C, 0x01, 0x8C, 0x01, 0x8C, 0x01, 0x8C, 0x01, 0x8C,
    0x01, 0x8C, 0x01, 0x8C, 0x01, 0x8C, 0x01, 0x8C, 0x01, 0x8C, 0x01, 0x8C, 0x01, 0x8C, 0x01, 0x8C,
    0x01, 0x8C, 0x01, 0x8C, 0x01, 0x8C, 0x01, 0x8C, 0x01, 0x8C, 0x01, 0x8C, 0x01, 0x8C, 0x01, 0x8C,
    0x01, 0x8C, 0x01, 0x8C, 0x01, 0x8C, 0x01, 0x0B, 0x5B, 0xF3, 0x04, 0xFF, 0xFF, 0xCE, 0xFC, 0x42,
    0x8F, 0x01, 0x4C, 0x01, 0x8C, 0x01, 0x8C, 0x01, 0x8C, 0x01, 0x8C, 0x01, 0x8C, 0x01, 0x8C, 0x01,
    0x8C, 0x01, 0x8C, 0x01, 0x8C, 0x01, 0x8C, 0x01, 0x8C, 0x01, 0x8C, 0x01, 0x8C, 0x01, 0x8C, 0x01,
    0x8C, 0x01, 0x8C, 0x01, 0x8C, 0x01, 0x8C, 0x01, 0x8C, 0x01, 0x8C, 0x01, 0x8C, 0x01, 0x8C, 0x01,
    0x8C, 0x01, 0x8C, 0x01, 0x8C, 0x01, 0x8C, 0x01, 0x8C, 0x01, 0x8C, 0x01, 0x8C, 0x01, 0x8C, 0x01,
    0x8C, 0x01, 0x8C, 0x01, 0x8C, 0x01, 0x8C, 0x01, 0x8C, 0x01, 0x8C, 0x01, 0x8C, 0x01, 0x8C, 0x01,
    0x8C, 0x01, 0x8C, 0x01, 0x8C, 0x01, 0x8C, 0x01, 0x8C, 0x01, 0x8C, 0x01, 0x8C, 0x01, 0x8C, 0x01,
    0x8C, 0x01, 0x8C, 0x01, 0x8C, 0x01, 0x8C, 0x01, 0x8C, 0x01, 0x8C, 0x01, 0x8C, 0x01, 0x8C, 0x01,
    0x8C, 0x01, 0x8C, 0x01, 0x8C, 0x01, 0x8C, 0x01, 0x8C, 0x01, 0x8C, 0x01, 0x8C, 0xFF, 0x01, 0x8C,
    0x01, 0x8C, 0x01, 0x8C, 0x01, 0x8C, 0x01, 0x8C, 0x01, 0x8C, 0x01, 0x8C, 0x01, 0x8C, 0x01, 0x8C,
    0x01, 0x8C, 0x01, 0x8C, 0x01, 0x8C, 0x01, 0x8C, 0x01, 0x8C, 0x01, 0x8C, 0x01, 0x8C, 0x01, 0x8C,
    0x01, 0x8C, 0x01, 0x8C, 0x01, 0x8C, 0x01, 0x8C, 0x01, 0x8C, 0x01, 0x8C, 0x01, 0x8C, 0x01, 0x8C,
    0x01, 0x8C, 0x01, 0x8C, 0x01, 0x8C, 0x01, 0x8C, 0x01, 0x8C, 0x01, 0x8C, 0x01, 0x8C, 0x01, 0x8C,
    0x01, 0x8C, 0x01, 0x8C, 0x01, 0x8C, 0x01, 0x8C, 0x01, 0x8C, 0x01, 0x8C, 0x01, 0x8C, 0x01, 0x8C,
    0x01, 0x8C, 0x01, 0x8C, 0x01, 0x8C, 0x01, 0x8C, 0x01, 0x8C, 0x01, 0x8C, 0x01, 0x8C, 0x01, 0x8C,
    0x01, 0x8C, 0x01, 0x8C, 0x01, 0x8C, 0x01, 0x8C, 0x01, 0x8C, 0x01, 0x8C, 0x01, 0x8C, 0x01, 0x8C,
    0x01, 0x8C, 0x01, 0x8C, 0x01, 0x8C, 0x01, 0x8C, 0x01, 0x8C, 0x01, 0x8C, 0x01, 0x8C, 0xBB, 0x01,
    0x8C, 0x01, 0x8C, 0x01, 0x8C, 0x01, 0x8C, 0x01, 0x8C, 0x01, 0x8C, 0x01, 0x8C, 0x01, 0x8C, 0x01,
    0x8C, 0x01, 0x8C, 0x01, 0x8C, 0x01, 0x8C, 0x01, 0x8C, 0x01, 0x8C, 0x01, 0x8C, 0x01, 0x8C, 0x01,
    0x8C, 0x01, 0x8C, 0x01, 0x8C, 0x01, 0x8C, 0x01, 0x8C, 0x01, 0x8C, 0x01, 0x8C, 0x01, 0x8C, 0x01,
    0x8C, 0x01, 0x8C, 0x01, 0x8C, 0x01, 0x8C, 0x01, 0x0B, 0x5B, 0xF3, 0x04, 0xFF, 0xFF, 0xCE, 0xFC,
    0x42, 0x8F, 0x01, 0x4C, 0x01, 0x8C, 0x01, 0x8C, 0x01, 0x8C, 0x01, 0x8C, 0x01, 0x8C, 0x01, 0x8C,
    0x01, 0x8C, 0x01, 0x8C, 0x01, 0x8C, 0x01, 0x8C, 0x01, 0x8C, 0x01, 0x8C, 0x01, 0x8C, 0x01, 0x8C,
    0x01, 0x8C, 0x01, 0x8C, 0x01, 0xAD, 0x01, 0xAD, 0x01, 0xAD, 0x01, 0x8C, 0x01, 0x8C, 0x01, 0x8C,
    0x01, 0x8C, 0x01, 0x8C, 0x01, 0x8C, 0x01, 0x8C, 0x01, 0x8C, 0x01, 0x8C, 0x01, 0x8C, 0x01, 0x8C,
    0x01, 0x8C, 0x01, 0x8C, 0x01, 0x8C, 0x01, 0x8C, 0x01, 0x8C, 0x01, 0x8C, 0x01, 0x8C, 0x01, 0x8C,
    0x01, 0x8C, 0x01, 0x8C, 0x01, 0x8C, 0x01, 0x8C, 0x01, 0x8C, 0x01, 0x8C, 0x01, 0x8C, 0x01, 0xAD,
    0x01, 0xAD, 0x01, 0xAD, 0x01, 0xAD, 0x01, 0xAD, 0x01, 0xAD, 0x01, 0xAD, 0x01, 0xAD, 0x01, 0xAD,
    0x01, 0xAD, 0x01, 0xAD, 0x01, 0xAD, 0x01, 0xAD, 0x01, 0xAD, 0x01, 0xAD, 0x01, 0xAD, 0xFF, 0x01,
    0xAD, 0x01, 0xAD, 0x01, 0xAD, 0x01, 0xAD, 0x01, 0xAD, 0x01, 0xAD, 0x01, 0xAD, 0x01, 0xAD, 0x01,
    0xAD, 0x01, 0xAD, 0x01, 0xAD, 0x01, 0xAD, 0x01, 0xAD, 0x01, 0xAD, 0x01, 0xAD, 0x01, 0xAD, 0x01,
    0xAD, 0x01, 0xAD, 0x01, 0xAD, 0x01, 0xAD, 0x01, 0xAD, 0x01, 0xAD, 0x01, 0xAD, 0x01, 0xAD, 0x01,
    0xAD, 0x01, 0xAD, 0x01, 0xAD, 0x01, 0xAD, 0x01, 0xAD, 0x01, 0xAD, 0x01, 0xAD, 0x01, 0xAD, 0x01,
    0xAD, 0x01, 0xAD, 0x01, 0xAD, 0x01, 0xAD, 0x01, 0xAD, 0x01, 0xAD, 0x01, 0xAD, 0x01, 0xAD, 0x01,
    0xAD, 0x01, 0xAD, 0x01, 0xAD, 0x01, 0xAD, 0x01, 0xAD, 0x01, 0xAD, 0x01, 0xAD, 0x01, 0xAD, 0x01,
    0xAD, 0x01, 0xAD, 0x01, 0xAD, 0x01, 0xAD, 0x01, 0xAD, 0x01, 0xAD, 0x01, 0xAD, 0x01, 0xAD, 0x01,
    0xAD, 0x01, 0xAD, 0x01, 0xAD, 0x01, 0xAD, 0x01, 0xAD, 0x01, 0xAD, 0x01, 0xAD, 0x01, 0xAD, 0xBB,
    0x01, 0xAD, 0x01, 0x8C, 0x01, 0x8C, 0x01, 0x8C, 0x01, 0x8C, 0x01, 0x8C, 0x01, 0x8C, 0x01, 0x8C,
    0x01, 0x8C, 0x01, 0x8C, 0x01, 0x8C, 0x01, 0x8C, 0x01, 0x8C, 0x01, 0x8C, 0x01, 0x8C, 0x01, 0x8C,
    0x01, 0x8C, 0x01, 0x8C, 0x01, 0x8C, 0x01, 0x8C, 0x01, 0x8C, 0x01, 0x8C, 0x01, 0x8C, 0x01, 0x8C,
    0x01, 0x8C, 0x01, 0x8C, 0x01, 0x8C, 0x01, 0x8C, 0x01, 0x0B, 0x5B, 0xF3, 0x04, 0xFF, 0xFF, 0xCE,
    0xFC, 0x42, 0xCF, 0x01, 0x4C, 0x01, 0x8C, 0x01, 0x8C, 0x01, 0x8C, 0x01, 0x8C, 0x01, 0x8C, 0x01,
    0x8C, 0x01, 0x8C, 0x01, 0x8C, 0x01, 0x8C, 0x01, 0x8C, 0x01, 0x8C, 0x01, 0x8C, 0x01, 0x8C, 0x01,
    0x8C, 0x01, 0x8C, 0x01, 0x8C, 0x90, 0xC6, 0x90, 0xC6, 0x90, 0xC6, 0x01, 0x6B, 0x01, 0x8D, 0x01,
    0x8C, 0x01, 0x8C, 0x01, 0x8C, 0x01, 0x8C, 0x01, 0x8C, 0x01, 0x8C, 0x01, 0x8C, 0x01, 0x8C, 0x01,
    0x8C, 0x01, 0x8C, 0x01, 0x8C, 0x01, 0x8C, 0x01, 0x8C, 0x01, 0x8C, 0x01, 0x8C, 0x01, 0x8C, 0x01,
    0x8C, 0x01, 0x8C, 0x01, 0x8C, 0x01, 0x8C, 0x01, 0x8C, 0x01, 0x8C, 0x01, 0x8C, 0x01, 0x6B, 0x80,
    0xC6, 0x90, 0xC6, 0x90, 0xC6, 0x90, 0xC6, 0x90, 0xC6, 0x90, 0xC6, 0x90, 0xC6, 0x90, 0xC6, 0x90,
    0xC6, 0x90, 0xC6, 0x90, 0xC6, 0x90, 0xC6, 0x90, 0xC6, 0x90, 0xC6, 0x90, 0xC6, 0x90, 0xC6, 0xFF,
    0x90, 0xC6, 0x90, 0xC6, 0x90, 0xC6, 0x90, 0xC6, 0x90, 0xC6, 0x90, 0xC6, 0x90, 0xC6, 0x90, 0xC6,
    0x90, 0xC6, 0x58, 0xC6, 0x00, 0xC6, 0x00, 0xC6, 0x00, 0xC6, 0x00, 0xC6, 0x00, 0xC6, 0x00, 0xC6,
    0x00, 0xC6, 0x00, 0xC6, 0x00, 0xC6, 0x00, 0xC6, 0x00, 0xC6, 0x00, 0xC6, 0x00, 0xC6, 0x00, 0xC6,
    0x00, 0xC6, 0x00, 0xC6, 0x00, 0xC6, 0x00, 0xC6, 0x00, 0xC6, 0x00, 0xC6, 0x00, 0xC6, 0x00, 0xC6,
    0x00, 0xC6, 0x00, 0xC6, 0x00, 0xC6, 0x00, 0xC6, 0x00, 0xC6, 0x00, 0xC6, 0x00, 0xC6, 0x00, 0xC6,
    0x00, 0xC6, 0x00, 0xC6, 0x00, 0xC6, 0x00, 0xC6, 0x00, 0xC6, 0x00, 0xC6, 0x00, 0xC6, 0x00, 0xC6,
    0x00, 0xC6, 0x00, 0xC6, 0x00, 0xC6, 0x00, 0xC6, 0x00, 0xC6, 0x00, 0xC6, 0x00, 0xC6, 0x00, 0xC6,
    0x00, 0xC6, 0x00, 0xC6, 0x00, 0xC6, 0x00, 0xC6, 0x00, 0xC6, 0x00, 0xC6, 0x00, 0xC6, 0x00, 0xC6,
    0xFF, 0x00, 0xC6, 0x01, 0x8C, 0x01, 0x8C, 0x01, 0x8C, 0x01, 0x8C, 0x01, 0x8C, 0x01, 0x8C, 0x01,
    0x8C, 0x01, 0x8C, 0x01, 0x8C, 0x01, 0x8C, 0x01, 0x8C, 0x01, 0x8C, 0x01, 0x8C, 0x01, 0x8C, 0x01,
    0x8C, 0x01, 0x8C, 0x01, 0x8C, 0x01, 0x8C, 0x01, 0x8C, 0x01, 0x8C, 0x01, 0x8C, 0x01, 0x8C, 0x01,
    0x8C, 0x01, 0x8C, 0x01, 0x8C, 0x01, 0x8C, 0x01, 0x8C, 0x01, 0x4C, 0x42, 0x8F, 0x84, 0xB5, 0x74,
    0x75, 0x5B, 0xF3, 0x2A, 0x2D, 0x01, 0x8C, 0x01, 0x8C, 0x01, 0x8C, 0x01, 0x8C, 0x01, 0x8C, 0x01,
    0x8C, 0x01, 0x8C, 0x01, 0x8C, 0x01, 0x8C, 0x01, 0x8C, 0x01, 0x8C, 0x01, 0x8C, 0x01, 0x8C, 0x01,
    0x8C, 0x01, 0x8C, 0x01, 0x8C, 0x01, 0x8C, 0xF8, 0x00, 0xF8, 0x00, 0xF8, 0x00, 0x31, 0x4A, 0x01,
    0x8D, 0x01, 0xAD, 0x01, 0xAD, 0x01, 0xAD, 0x01, 0xAD, 0x01, 0xAD, 0x01, 0xAD, 0x01, 0xAD, 0x01,
    0xAD, 0xD2, 0x01, 0xAD, 0x01, 0xAD, 0x01, 0xAD, 0x01, 0xAD, 0x01, 0xAD, 0x01, 0xAD, 0x01, 0xAD,
    0x01, 0xAD, 0x01, 0xAD, 0x01, 0xAD, 0x01, 0xAD, 0x01, 0xAD, 0x01, 0xAD, 0x01, 0x8C, 0x01, 0xAD,
    0x01, 0x8C, 0xD8, 0x00, 0xF8, 0x00, 0xF8, 0x00, 0xF8, 0x00, 0xF8, 0x00, 0xF8, 0x00, 0xF8, 0x00,
    0xF8, 0x00, 0xF8, 0x00, 0xF8, 0x00, 0xF8, 0x00, 0xF8, 0x00, 0xF8, 0x00, 0xF8, 0x00, 0xF8, 0x00,
    0xF8, 0x00, 0xF8, 0x00, 0xF8, 0x00, 0xF8, 0x00, 0xF8, 0x00, 0xF8, 0x00, 0xF8, 0x00, 0xF8, 0x00,
    0xF8, 0x00, 0xF8, 0x00, 0x98, 0x6E, 0x00, 0xFF, 0x63, 0x01, 0x6B, 0x01, 0x8C, 0x01, 0x8C, 0x01,
    0x8C, 0x01, 0x8C, 0x01, 0x8C, 0x01, 0x8C, 0x01, 0x8C, 0x01, 0x8C, 0x01, 0x8C, 0x01, 0x8C, 0x01,
    0x8C, 0x01, 0x8C, 0x01, 0x8C, 0x01, 0x8C, 0x01, 0x8C, 0x01, 0x8C, 0x01, 0x8C, 0x01, 0x8C, 0x01,
    0x8C, 0x01, 0x8C, 0x01, 0x8C, 0x01, 0x8C, 0x01, 0x8C, 0x01, 0x8C, 0x01, 0x8C, 0x01, 0x8C, 0x01,
    0x8C, 0x01, 0x4C, 0x01, 0x0B, 0x01, 0x0B, 0x01, 0x0B, 0x01, 0x8C, 0x01, 0x8C, 0x01, 0x8C, 0x01,
    0x8C, 0x01, 0x8C, 0x01, 0x8C, 0x01, 0x8C, 0x01, 0x8C, 0x01, 0x8C, 0x01, 0x8C, 0x01, 0x8C, 0x01,
    0x8C, 0x01, 0x8C, 0x01, 0x8C, 0x01, 0x8C, 0x01, 0x8C, 0x01, 0x8C, 0x01, 0x8C, 0xF8, 0x00, 0xF8,
    0x00, 0xF8, 0x00, 0x31, 0x4A, 0x01, 0x8C, 0x01, 0x6B, 0x01, 0x6B, 0x01, 0x6B, 0x01, 0x6B, 0x01,
    0x6B, 0x01, 0x6B, 0x01, 0x6B, 0x01, 0x6B, 0x01, 0xD1, 0x6B, 0x01, 0x6B, 0x01, 0x6B, 0x01, 0x6B,
    0x01, 0x6B, 0x01, 0x6B, 0x01, 0x6B, 0x01, 0x6B, 0x01, 0x6B, 0x01, 0x6B, 0x01, 0x6B, 0x01, 0x6B,
    0x01, 0x6B, 0x01, 0x6B, 0x01, 0x6B, 0x01, 0x6B, 0xD0, 0x63, 0xF8, 0x00, 0xF8, 0x00, 0xF8, 0x00,
    0xF8, 0x00, 0xF8, 0x00, 0xF8, 0x00, 0xF8, 0x00, 0xF8, 0x00, 0xF8, 0x00, 0xF8, 0x00, 0xF8, 0x00,
    0xF8, 0x00, 0xF8, 0x00, 0xF8, 0x00, 0xF8, 0x00, 0xF8, 0x00, 0xF8, 0x00, 0xF8, 0x00, 0xF8, 0x00,
    0xF8, 0x00, 0xF8, 0x00, 0xF8, 0x00, 0xF8, 0x00, 0xF8, 0x00, 0x98, 0x6E, 0x00, 0xFF, 0x63, 0x01,
    0x8C, 0x01, 0xAD, 0x01, 0xAD, 0x01, 0x8C, 0x01, 0x8C, 0x01, 0x8C, 0x01, 0x8C, 0x01, 0x8C, 0x01,
    0x8C, 0x01, 0x8C, 0x01, 0x8C, 0x01, 0x8C, 0x01, 0x8C, 0x01, 0x8C, 0x01, 0x8C, 0x01, 0x8C, 0x01,
    0x8C, 0x01, 0x8C, 0x01, 0x8C, 0x01, 0x8C, 0x01, 0x8C, 0x01, 0x8C, 0x01, 0x8C, 0x01, 0x8C, 0x01,
    0x8C, 0x01, 0x8C, 0x01, 0x8C, 0x01, 0x8C, 0x01, 0x8C, 0x01, 0x8C, 0x01, 0x8C, 0x01, 0xAD, 0x01,
    0x8C, 0x01, 0x8C, 0x01, 0x8C, 0x01, 0x8C, 0x01, 0x8C, 0x01, 0x8C, 0x01, 0x8C, 0x01, 0x8C, 0x01,
    0x8C, 0x01, 0x8C, 0x01, 0x8C, 0x01, 0x8C, 0x01, 0x8C, 0x01, 0x8C, 0x01, 0x8C, 0x01, 0x8C, 0x01,
    0x8C, 0x01, 0x8C, 0xF8, 0x00, 0xF8, 0x00, 0xF8, 0x00, 0xC0, 0xA5, 0xC0, 0xA5, 0xC0, 0xA5, 0xC0,
    0xA5, 0xC0, 0xA5, 0xC0, 0xA5, 0xC0, 0xA5, 0xC0, 0xA5, 0xC0, 0xA5, 0xC0, 0xA5, 0xC0, 0xFF, 0xA5,
    0xC0, 0xA5, 0xC0, 0xA5, 0xC0, 0xA5, 0xC0, 0xA5, 0xC0, 0xA5, 0xC0, 0xA5, 0xC0, 0xA5, 0xC0, 0xA5,
    0xC0, 0xA5, 0xC0, 0xA5, 0xC0, 0xA5, 0xC0, 0xA5, 0xC0, 0xA5, 0xC0, 0xA5, 0xC0, 0xA5, 0xE0, 0x00,
    0xF8, 0x00, 0xF8, 0x00, 0xF8, 0x00, 0xF8, 0x00, 0xF8, 0x00, 0xF8, 0x00, 0xF8, 0x00, 0xF8, 0x00,
    0xF8, 0x00, 0xF8, 0x00, 0xF8, 0x00, 0xF8, 0x00, 0xF8, 0x00, 0xF8, 0x00, 0xF8, 0x00, 0xF8, 0x00,
    0xF8, 0x00, 0xF8, 0x00, 0xF8, 0x00, 0xF8, 0x00, 0xF8, 0x00, 0xE0, 0x00, 0xA8, 0x00, 0xA8, 0x00,
    0x81, 0x84, 0x6A, 0xA8, 0x6A, 0xA8, 0x6A, 0xA8, 0x6A, 0xA8, 0x6A, 0xA8, 0x6A, 0xA8, 0x6A, 0xA8,
    0x6A, 0xA8, 0x6A, 0xA8, 0x6A, 0xA8, 0x6A, 0xA8, 0x6A, 0xA8, 0x6A, 0xA8, 0x6A, 0xA8, 0x6A, 0xA8,
    0x6A, 0xA8, 0x6A, 0xA8, 0x6A, 0xA8, 0x6A, 0xA8, 0x6A, 0xA8, 0x6A, 0xA8, 0x6A, 0xA8, 0x6A, 0xFF,
    0xA8, 0x6A, 0xA8, 0x6A, 0xA8, 0x6A, 0xA8, 0x6A, 0xA8, 0x6A, 0xA8, 0x6A, 0xA8, 0x6A, 0xA8, 0x6A,
    0xA8, 0x6A, 0xA8, 0x6A, 0xA8, 0x6A, 0xA8, 0x6A, 0xA8, 0x6A, 0xA8, 0x6A, 0xA8, 0x6A, 0xA8, 0x6A,
    0xA8, 0x6A, 0xA8, 0x6A, 0xA8, 0x6A, 0xA8, 0x6A, 0xA8, 0x6A, 0xA8, 0x6A, 0xA8, 0x6A, 0xA8, 0x6A,
    0xA8, 0x6A, 0xA8, 0x6A, 0xA8, 0x6A, 0xA8, 0x6A, 0xA8, 0x6A, 0xA8, 0x6A, 0xA8, 0x6A, 0xA8, 0x4A,
    0x27, 0x01, 0x4A, 0x01, 0x4A, 0x01, 0x4A, 0x01, 0xAD, 0x01, 0x8C, 0x01, 0x8C, 0x01, 0x8C, 0x01,
    0x8C, 0x01, 0x8C, 0x01, 0x8C, 0x01, 0x8C, 0x01, 0x8C, 0x01, 0x8C, 0x01, 0x8C, 0x01, 0x8C, 0x01,
    0x8C, 0x01, 0x8C, 0x01, 0x8C, 0x01, 0x8C, 0x01, 0x8C, 0x01, 0x8C, 0x01, 0x8C, 0x01, 0x8C, 0x01,
    0x8C, 0x01, 0x8C, 0x01, 0x8C, 0x01, 0x8C, 0x01, 0x8C, 0x01, 0x8C, 0x01, 0x8C, 0x01, 0x8C, 0x01,
    0xFF, 0x8C, 0x01, 0x8C, 0x01, 0x8C, 0x01, 0x8C, 0x01, 0x8C, 0x01, 0x8C, 0x01, 0x8C, 0x01, 0x8C,
    0x01, 0x8C, 0x01, 0x8C, 0x01, 0x8C, 0x01, 0x8C, 0x01, 0x8C, 0x01, 0x8C, 0x01, 0x8C, 0x01, 0x8C,
    0x01, 0x8C, 0x01, 0x8C, 0x01, 0x8C, 0xF8, 0x00, 0xF8, 0x00, 0xF8, 0x00, 0xF8, 0x00, 0xF8, 0x00,
    0xF8, 0x00, 0xF8, 0x00, 0xF8, 0x00, 0xF8, 0x00, 0xF8, 0x00, 0xF8, 0x00, 0xF8, 0x00, 0xF8, 0x00,
    0xF8, 0x00, 0xF8, 0x00, 0xF8, 0x00, 0xF8, 0x00, 0xF8, 0x00, 0xF8, 0x00, 0xF8, 0x00, 0xF8, 0x00,
    0xF8, 0x00, 0xF8, 0x00, 0xF8, 0x00, 0xF8, 0x00, 0xF8, 0x00, 0xF8, 0x00, 0xF8, 0x00, 0xF8, 0x00,
    0xF8, 0x00, 0xF8, 0x00, 0xF8, 0x00, 0xF8, 0x00, 0xF8, 0x00, 0xF8, 0x00, 0xF8, 0x00, 0xF8, 0x00,
    0xF8, 0x00, 0xF8, 0x00, 0xF8, 0x00, 0xF8, 0x00, 0xF8, 0x00, 0xF8, 0x00, 0xF8, 0x00, 0xF8, 0x00,
    0xF8, 0x8B, 0x00, 0xF8, 0x00, 0xF8, 0x00, 0xF8, 0x00, 0xF8, 0x00, 0xF8, 0x00, 0xA8, 0x05, 0x00,
    0xF1, 0x93, 0x8A, 0xEE, 0x32, 0xEE, 0x32, 0xEE, 0x32, 0xEE, 0x32, 0xEE, 0x32, 0xEE, 0x32, 0xEE,
    0x32, 0xEE, 0x32, 0xEE, 0x32, 0xEE, 0x32, 0xEE, 0x32, 0xEE, 0x32, 0xEE, 0x32, 0xEE, 0x32, 0xEE,
    0x32, 0xEE, 0x32, 0xEE, 0x32, 0xEE, 0x32, 0xEE, 0x32, 0xEE, 0x32, 0xEE, 0x32, 0xEE, 0x32, 0xEE,
    0x32, 0xEE, 0x32, 0xEE, 0x32, 0xEE, 0x32, 0xEE, 0x32, 0xEE, 0x32, 0xEE, 0x32, 0xEE, 0x32, 0xEE,
    0x32, 0xEE, 0x32, 0xEE, 0x32, 0xEE, 0x32, 0xEE, 0x32, 0xEE, 0x32, 0xEE, 0x32, 0xEE, 0x32, 0xEE,
    0x32, 0xEE, 0x32, 0xEE, 0x32, 0xEE, 0x32, 0xEE, 0x32, 0xEE, 0x32, 0xEE, 0x32, 0xEE, 0x32, 0xEE,
    0x32, 0xEE, 0x32, 0xEE, 0x32, 0xEE, 0x32, 0xEE, 0x32, 0xEE, 0x32, 0xEE, 0x32, 0xEE, 0x32, 0xAC,
    0x2C, 0x21, 0x04, 0x03, 0x00, 0xFF, 0x84, 0x01, 0x8C, 0x01, 0x8C, 0x01, 0x8C, 0x01, 0x8C, 0x01,
    0x8C, 0x01, 0x8C, 0x01, 0x8C, 0x01, 0x8C, 0x01, 0x8C, 0x01, 0x8C, 0x01, 0x8C, 0x01, 0x8C, 0x01,
    0x8C, 0x01, 0x8C, 0x01, 0x8C, 0x01, 0x8C, 0x01, 0x8C, 0x01, 0x8C, 0x01, 0x8C, 0x01, 0x8C, 0x01,
    0x8C, 0x01, 0x8C, 0x01, 0x8C, 0x01, 0x8C, 0x01, 0x8C, 0x01, 0x8C, 0x01, 0x8C, 0x01, 0x8C, 0x01,
    0x8C, 0x01, 0x8C, 0x01, 0x8C, 0x01, 0x8C, 0x01, 0x8C, 0x01, 0x8C, 0x01, 0x8C, 0x01, 0x8C, 0x01,
    0x8C, 0x01, 0x8C, 0x01, 0x8C, 0x01, 0x8C, 0x01, 0x8C, 0x01, 0x8C, 0x01, 0x8C, 0x01, 0x8C, 0x01,
    0x8C, 0x01, 0x8C, 0x01, 0x8C, 0xF8, 0x00, 0xF8, 0x00, 0xF8, 0x00, 0xF8, 0x00, 0xF8, 0x00, 0xF8,
    0x00, 0xF8, 0x00, 0xF8, 0x00, 0xF8, 0x00, 0xF8, 0x00, 0xF8, 0x00, 0xF8, 0x00, 0xF8, 0x00, 0xF8,
    0x00, 0xF8, 0x00, 0xF8, 0x00, 0xF8, 0xC5, 0x00, 0xF8, 0x00, 0xF8, 0x00, 0xF8, 0x00, 0xF8, 0x00,
    0xF8, 0x00, 0xF8, 0x00, 0xF8, 0x00, 0xF8, 0x00, 0xF8, 0x00, 0xF8, 0x00, 0xF8, 0x00, 0xF8, 0x00,
    0xF8, 0x00, 0xF8, 0x00, 0xF8, 0x00, 0xF8, 0x00, 0xF8, 0x00, 0xF8, 0x00, 0xF8, 0x00, 0xF8, 0x00,
    0xF8, 0x00, 0xF8, 0x00, 0xF8, 0x00, 0xF8, 0x00, 0xF8, 0x00, 0xF8, 0x00, 0xF8, 0x00, 0xF8, 0x00,
    0xF8, 0x00, 0xF8, 0x00, 0xF8, 0x00, 0xF8, 0x00, 0xF8, 0x00, 0xF8, 0x00, 0xC8, 0x05, 0x00, 0xF1,
    0x93, 0x8A, 0xEE, 0x32, 0xFE, 0x73, 0xFE, 0x73, 0xFE, 0x73, 0xFE, 0x73, 0xFE, 0x73, 0xFE, 0x91,
    0xFE, 0x91, 0xFE, 0x91, 0xFE, 0x91, 0xFE, 0x91, 0xFE, 0x91, 0xFE, 0x91, 0xFE, 0x91, 0xFE, 0x91,
    0xFE, 0x91, 0xFE, 0x91, 0xFE, 0x91, 0xFE, 0x91, 0xFE, 0x91, 0xFE, 0x91, 0xFE, 0x91, 0xFE, 0x91,
    0xFE, 0x91, 0xFE, 0x91, 0xFE, 0x91, 0xFE, 0x91, 0xFE, 0x91, 0xFE, 0x91, 0xFE, 0x91, 0xFE, 0x91,
    0xFE, 0x91, 0xFE, 0x91, 0xFE, 0x91, 0xFE, 0x91, 0xFE, 0x91, 0xFE, 0x91, 0xFE, 0x91, 0xFE, 0x91,
    0xFE, 0x91, 0xFE, 0x91, 0xFE, 0x91, 0xFE, 0x91, 0xFE, 0x91, 0xFE, 0x91, 0xFE, 0x91, 0xFE, 0x91,
    0xFE, 0x91, 0xFE, 0x73, 0xFE, 0x73, 0xFE, 0x73, 0xFE, 0x73, 0xFE, 0x73, 0xFE, 0xD4, 0xAC, 0x2C,
    0x20, 0xA2, 0x03, 0x00, 0xFF, 0x84, 0x01, 0x8D, 0x01, 0x8D, 0x01, 0xAD, 0x01, 0xAD, 0x01, 0x8C,
    0x01, 0x8C, 0x01, 0x8C, 0x01, 0x8C, 0x01, 0x8C, 0x01, 0x8C, 0x01, 0x8C, 0x01, 0x8C, 0x01, 0x8C,
    0x01, 0x8C, 0x01, 0x8C, 0x01, 0x8C, 0x01, 0x8C, 0x01, 0x8C, 0x01, 0x8C, 0x01, 0x8C, 0x01, 0x8C,
    0x01, 0x8C, 0x01, 0x8C, 0x01, 0x8C, 0x01, 0x8C, 0x01, 0x8C, 0x01, 0x8C, 0x01, 0x8C, 0x01, 0x8C,
    0x01, 0x8C, 0x01, 0x8C, 0x01, 0x8C, 0x01, 0x8C, 0x01, 0x8C, 0x01, 0x8C, 0x01, 0x8C, 0x01, 0x8C,
    0x01, 0x8C, 0x01, 0x8C, 0x01, 0x8C, 0x01, 0x8C, 0x01, 0x8C, 0x01, 0x8C, 0x01, 0x8C, 0x01, 0x8C,
    0x01, 0x8C, 0x01, 0x8C, 0xF8, 0x00, 0xF8, 0x00, 0xF8, 0x00, 0xF8, 0x00, 0xF8, 0x00, 0xF8, 0x00,
    0xF8, 0x00, 0xF8, 0x00, 0xF8, 0x00, 0xF8, 0x00, 0xF8, 0x00, 0xF8, 0x00, 0xF8, 0x00, 0xF8, 0x00,
    0xF8, 0x00, 0xF8, 0x00, 0xF8, 0xFF, 0x00, 0xF8, 0x00, 0xF8, 0x00, 0xF8, 0x00, 0xF8, 0x00, 0xF8,
    0x00, 0xF8, 0x00, 0xF8, 0x00, 0xF8, 0x00, 0xF8, 0x00, 0xF8, 0x00, 0xF8, 0x00, 0xF8, 0x00, 0xF8,
    0x00, 0xF8, 0x00, 0xF8, 0x00, 0xF8, 0x00, 0xF8, 0x00, 0xF8, 0x00, 0xF8, 0x00, 0xF8, 0x00, 0xF8,
    0x00, 0xF8, 0x00, 0xF8, 0x00, 0xF8, 0x00, 0xF8, 0x00, 0xF8, 0x00, 0xF8, 0x00, 0xF8, 0x00, 0xF8,
    0x00, 0xF8, 0x00, 0xF8, 0x00, 0xA8, 0x00, 0x98, 0x00, 0x98, 0x00, 0x88, 0xE2, 0x6A, 0xA8, 0x6A,
    0xA8, 0xAC, 0x2C, 0xFE, 0x73, 0xFE, 0x73, 0xFE, 0x73, 0xFE, 0x73, 0xFE, 0x73, 0xFE, 0x73, 0xFD,
    0xF6, 0xFD, 0xB7, 0xFD, 0xB7, 0xFD, 0xB7, 0xFD, 0xB7, 0xFD, 0xB7, 0xFD, 0xB7, 0xFD, 0xB7, 0xFD,
    0xB7, 0xFD, 0xB7, 0xFD, 0xB7, 0xFD, 0xB7, 0xFD, 0xB7, 0xFD, 0xB7, 0xFD, 0xB7, 0xFD, 0xB7, 0xFD,
    0xB7, 0xFD, 0xB7, 0xFD, 0xB7, 0xFD, 0xFF, 0xB7, 0xFD, 0xB7, 0xFD, 0xB7, 0xFD, 0xB7, 0xFD, 0xB7,
    0xFD, 0xB7, 0xFD, 0xB7, 0xFD, 0xB7, 0xFD, 0xB7, 0xFD, 0xB7, 0xFD, 0xB7, 0xFD, 0xB7, 0xFD, 0xB7,
    0xFD, 0xB7, 0xFD, 0xB7, 0xFD, 0xB7, 0xFD, 0xB7, 0xFD, 0xB7, 0xFD, 0xB7, 0xFD, 0xB7, 0xFD, 0xB7,
    0xFD, 0xB7, 0xFD, 0xB7, 0xFE, 0x73, 0xFE, 0x73, 0xFE, 0x73, 0xFE, 0x73, 0xFE, 0x73, 0xFE, 0x73,
    0xD5, 0x70, 0x6A, 0xA8, 0x6A, 0xA8, 0x42, 0x08, 0x00, 0xC7, 0x00, 0xC7, 0x00, 0xC7, 0x01, 0x6B,
    0x01, 0x8C, 0x01, 0x8C, 0x01, 0x8C, 0x01, 0x8C, 0x01, 0x8C, 0x01, 0x8C, 0x01, 0x8C, 0x01, 0x8C,
    0x01, 0x8C, 0x01, 0x8C, 0x01, 0x8C, 0x01, 0x8C, 0x01, 0x8C, 0x01, 0x8C, 0x01, 0x8C, 0x01, 0x8C,
    0x01, 0x8C, 0x01, 0x8C, 0x01, 0x8C, 0x01, 0x8C, 0x01, 0x8C, 0x01, 0x8C, 0x01, 0x8C, 0x01, 0x8C,
    0x01, 0x8C, 0x01, 0x8C, 0x01, 0x8C, 0x01, 0xFF, 0x8C, 0x01, 0x8C, 0x01, 0x8C, 0x01, 0x8C, 0x01,
    0x8C, 0x01, 0x8C, 0x01, 0x8C, 0x01, 0x8C, 0x01, 0x8C, 0x01, 0x8C, 0x01, 0x8C, 0x01, 0x8C, 0x01,
    0x8C, 0x01, 0x8C, 0x01, 0x8C, 0x01, 0x8C, 0xF8, 0x00, 0xF8, 0x00, 0xF8, 0x00, 0xF8, 0x00, 0xF8,
    0x00, 0xF8, 0x00, 0xF8, 0x00, 0xF8, 0x00, 0xF8, 0x00, 0xF8, 0x00, 0xF8, 0x00, 0xF8, 0x00, 0xF8,
    0x00, 0xF8, 0x00, 0xF8, 0x00, 0xF8, 0x00, 0xF8, 0x00, 0xF8, 0x00, 0xF8, 0x00, 0xF8, 0x00, 0xF8,
    0x00, 0xF8, 0x00, 0xF8, 0x00, 0xF8, 0x00, 0xF8, 0x00, 0xF8, 0x00, 0xF8, 0x00, 0xF8, 0x00, 0xF8,
    0x00, 0xF8, 0x00, 0xF8, 0x00, 0xF8, 0x00, 0xF8, 0x00, 0xF8, 0x00, 0xF8, 0x00, 0xF8, 0x00, 0xF8,
    0x00, 0xF8, 0x00, 0xF8, 0x00, 0xF8, 0x00, 0xF8, 0x00, 0xF8, 0x00, 0xF8, 0x00, 0xF8, 0x00, 0xF8,
    0x00, 0xF8, 0x00, 0xF8, 0x00, 0xF8, 0x00, 0x38, 0x05, 0x00, 0xFB, 0x6A, 0xA8, 0xFE, 0xD4, 0xFF,
    0xB7, 0xFE, 0xD4, 0xFE, 0x73, 0xFE, 0x73, 0xFE, 0x73, 0xFE, 0x73, 0xFE, 0x73, 0xFE, 0x73, 0xFD,
    0x5B, 0xFC, 0x9F, 0xFC, 0x9F, 0xFC, 0x9F, 0xFC, 0x9F, 0xFC, 0x9F, 0xFC, 0x9F, 0xFC, 0x9F, 0xFC,
    0x9F, 0xFC, 0x9F, 0xFC, 0x9F, 0xFC, 0x9F, 0xFC, 0x9F, 0xFC, 0x9F, 0xFC, 0x9F, 0xFC, 0x9F, 0xFC,
    0x9F, 0xFC, 0x9F, 0xFC, 0x9F, 0xFC, 0x9F, 0xFC, 0x9F, 0xFC, 0x9F, 0xFC, 0x9F, 0xFC, 0x9F, 0xFC,
    0x9F, 0xFC, 0x9F, 0xFC, 0x9F, 0xFC, 0x9F, 0xFC, 0x9F, 0xFC, 0x9F, 0xFC, 0x9F, 0xFC, 0x9F, 0xFC,
    0x9F, 0xFC, 0x9F, 0xFC, 0x9F, 0xFC, 0x9F, 0xFC, 0x9F, 0xFC, 0x9F, 0xFC, 0x9F, 0xFC, 0x9F, 0xFC,
    0x9F, 0xFC, 0x9F, 0xFE, 0x34, 0xFE, 0x73, 0xFE, 0x73, 0xFE, 0x73, 0xFE, 0x73, 0xFE, 0x73, 0xFE,
    0x73, 0xFE, 0xD4, 0xFF, 0xB7, 0xAC, 0x2C, 0x05, 0x00, 0xFF, 0x63, 0x01, 0x4A, 0x01, 0xAD, 0x01,
    0x8C, 0x01, 0x8C, 0x01, 0x8C, 0x01, 0x8C, 0x01, 0x8C, 0x01, 0x8C, 0x01, 0x8C, 0x01, 0x8C, 0x01,
    0x8C, 0x01, 0x8C, 0x01, 0x8C, 0x01, 0x8C, 0x01, 0x8C, 0x01, 0x8C, 0x01, 0x8C, 0x01, 0x8C, 0x01,
    0x8C, 0x01, 0x8C, 0x01, 0x8C, 0x01, 0x8C, 0x01, 0x8C, 0x01, 0x8C, 0x01, 0x8C, 0x01, 0x8C, 0x01,
    0x8C, 0x01, 0x8C, 0x01, 0x8C, 0x01, 0x8C, 0x01, 0x8C, 0x01, 0x8C, 0x01, 0x8C, 0x01, 0x8C, 0x01,
    0x8C, 0x01, 0x8C, 0x01, 0x8C, 0x01, 0x8C, 0x01, 0x8C, 0x01, 0x8C, 0x01, 0x8C, 0x01, 0x8C, 0x01,
    0x8C, 0x01, 0x8C, 0xF8, 0x00, 0xF8, 0x00, 0xF8, 0x00, 0xF8, 0x00, 0xF8, 0x00, 0xF8, 0x00, 0xF8,
    0x00, 0xF8, 0x00, 0xF8, 0x00, 0xF8, 0x00, 0xF8, 0x00, 0xF8, 0x00, 0xF8, 0x00, 0xF8, 0x00, 0xF8,
    0x00, 0xF8, 0x00, 0xF8, 0x00, 0xF8, 0x00, 0xF8, 0x00, 0xF8, 0xB9, 0x00, 0xF8, 0x00, 0xF8, 0x00,
    0xF8, 0x00, 0xF8, 0x00, 0xF8, 0x00, 0xF8, 0x00, 0xF8, 0x00, 0xF8, 0x00, 0xF8, 0x00, 0xF8, 0x00,
    0xF8, 0x00, 0xF8, 0x00, 0xF8, 0x00, 0xF8, 0x00, 0xF8, 0x00, 0xF8, 0x00, 0xF8, 0x00, 0xF8, 0x00,
    0xF8, 0x00, 0xF8, 0x00, 0xF8, 0x00, 0xF8, 0x00, 0xF8, 0x00, 0xF8, 0x00, 0xF8, 0x00, 0xF8, 0x00,
    0xF8, 0x00, 0xF8, 0x00, 0x58, 0x05, 0x00, 0xFB, 0x6A, 0xA8, 0xF6, 0x32, 0xFE, 0x73, 0xFE, 0x73,
    0xFE, 0x73, 0xFE, 0x73, 0xFE, 0x73, 0xFE, 0x73, 0xFE, 0x73, 0xFE, 0x73, 0xFD, 0x5B, 0xFC, 0xDF,
    0xFC, 0xDF, 0xFC, 0xDF, 0xFC, 0xDF, 0xFC, 0xDF, 0xFC, 0xDF, 0xFC, 0xDF, 0xFC, 0xDF, 0xFC, 0xDF,
    0xFC, 0xDF, 0xFC, 0xDF, 0xFC, 0xDF, 0xFC, 0xDF, 0xFC, 0xDF, 0xFC, 0xDF, 0xFC, 0xDF, 0xFC, 0xDF,
    0xFC, 0xDF, 0xFC, 0xDF, 0xFC, 0xDF, 0xFC, 0xDF, 0xFC, 0xDF, 0xFC, 0xDF, 0xFC, 0xDF, 0xFC, 0xDF,
    0xFC, 0xDF, 0xFC, 0xDF, 0xFC, 0xDF, 0xFC, 0xDF, 0xFC, 0xDF, 0xFC, 0xDF, 0xFC, 0xDF, 0xFC, 0xDF,
    0xFC, 0xDF, 0xFC, 0xDF, 0xFC, 0xDF, 0xFC, 0xDF, 0xFC, 0xDF, 0xFC, 0xDF, 0xFC, 0xDF, 0xFC, 0xDF,
    0xFE, 0x34, 0xFE, 0x73, 0xFE, 0x73, 0xFE, 0x73, 0xFE, 0x73, 0xFE, 0x73, 0xFE, 0x73, 0xF6, 0x32,
    0xFE, 0xD4, 0xAC, 0x2C, 0x05, 0x00, 0xFF, 0x63, 0x01, 0x4A, 0x01, 0xAD, 0x01, 0x8C, 0x01, 0x8C,
    0x01, 0x8C, 0x01, 0x8C, 0x01, 0x8C, 0x01, 0x8C, 0x01, 0x8C, 0x01, 0x8C, 0x01, 0x8C, 0x01, 0x8C,
    0x01, 0x8C, 0x01, 0x8C, 0x01, 0x8C, 0x01, 0x8C, 0x01, 0x8C, 0x01, 0x8C, 0x01, 0x8C, 0x01, 0x8C,
    0x01, 0x8C, 0x01, 0x8C, 0x01, 0x8C, 0x01, 0x8C, 0x01, 0x8C, 0x01, 0x8C, 0x01, 0x8C, 0x01, 0x8C,
    0x01, 0x8C, 0x01, 0x8C, 0x01, 0x8C, 0x01, 0x8C, 0x01, 0x8C, 0x01, 0x8C, 0x01, 0x8C, 0x01, 0x8C,
    0x01, 0x8C, 0x01, 0x8C, 0x01, 0x8C, 0x01, 0x8C, 0x01, 0x8C, 0x01, 0x8C, 0x01, 0x8C, 0x01, 0x8C,
    0xF9, 0x60, 0xF9, 0x60, 0xF9, 0x60, 0xF8, 0x00, 0xF8, 0x00, 0xF8, 0x00, 0xF8, 0x00, 0xF8, 0x00,
    0xF8, 0x00, 0xF8, 0x00, 0xF8, 0x00, 0xF8, 0x00, 0xF8, 0x00, 0xF8, 0x00, 0xF8, 0x00, 0xF8, 0x00,
    0xF8, 0x00, 0xF8, 0x00, 0xF8, 0x00, 0xF8, 0xB9, 0x00, 0xF8, 0x00, 0xF8, 0x00, 0xF8, 0x00, 0xF8,
    0x00, 0xF8, 0x00, 0xF8, 0x00, 0xF8, 0x00, 0xF8, 0x00, 0xF8, 0x00, 0xF9, 0x60, 0xF9, 0x60, 0xF9,
    0x60, 0xF9, 0x60, 0xF9, 0x60, 0xF9, 0x60, 0xF9, 0x60, 0xF9, 0x60, 0xF9, 0x60, 0xF9, 0x60, 0xF9,
    0x60, 0xF9, 0x60, 0xF9, 0x60, 0xF9, 0x60, 0xF9, 0x60, 0xF9, 0x60, 0xF9, 0x60, 0xF9, 0x60, 0xF9,
    0x60, 0x58, 0x05, 0x00, 0xFB, 0x6A, 0xA8, 0xF6, 0x32, 0xFE, 0x73, 0xFE, 0x73, 0xFE, 0x73, 0xFE,
    0x73, 0xFE, 0x73, 0xFE, 0x34, 0xFE, 0x34, 0xFE, 0x34, 0xFD, 0x5B, 0xFC, 0xDF, 0xFC, 0xDF, 0xFC,
    0xDF, 0xFC, 0xDF, 0xFC, 0xDF, 0xFC, 0xDF, 0xFC, 0xDF, 0xFC, 0xDF, 0xFC, 0xDF, 0xFC, 0xDF, 0xFC,
    0xDF, 0xFC, 0xDF, 0xFC, 0xDF, 0xFC, 0xDF, 0xFC, 0xDF, 0xFC, 0xDF, 0xFC, 0x1D, 0xFC, 0x1D, 0xFC,
    0xDF, 0xFC, 0xDF, 0xFC, 0xDF, 0xFC, 0xDF, 0xFC, 0xDF, 0xFC, 0xDF, 0xFC, 0xDF, 0xFC, 0xDF, 0xFC,
    0x1D, 0xFC, 0xDF, 0xFC, 0xDF, 0xFC, 0xDF, 0xFC, 0xDF, 0xFC, 0xDF, 0xFC, 0xDF, 0xFC, 0xDF, 0xFC,
    0xDF, 0xFC, 0xDF, 0xFC, 0xDF, 0xFC, 0xDF, 0xFC, 0xDF, 0xFC, 0xDF, 0xFC, 0xDF, 0xFD, 0xF6, 0xFE,
    0x34, 0xFE, 0x34, 0xFE, 0x34, 0xFE, 0x73, 0xFE, 0x73, 0xFE, 0x73, 0xFE, 0x73, 0xFE, 0xD4, 0xAC,
    0x2C, 0x05, 0x00, 0xFF, 0x63, 0x01, 0x4A, 0x01, 0xAD, 0x01, 0x8C, 0x01, 0x8C, 0x01, 0x8C, 0x01,
    0x8C, 0x01, 0x8C, 0x01, 0x8C, 0x01, 0x8C, 0x01, 0x8C, 0x01, 0x8C, 0x01, 0x8C, 0x01, 0x8C, 0x01,
    0x8C, 0x01, 0x8C, 0x01, 0x8C, 0x01, 0x8C, 0x01, 0x8C, 0x01, 0x8C, 0x01, 0x8C, 0x01, 0x8C, 0x01,
    0x8C, 0x01, 0x8C, 0x01, 0x8C, 0x01, 0x8C, 0x01, 0x8C, 0x01, 0x8C, 0x01, 0x8C, 0x01, 0x8C, 0x01,
    0x8C, 0x01, 0x8C, 0x01, 0x8C, 0x01, 0x8C, 0x01, 0x8C, 0x01, 0x8C, 0x01, 0x8C, 0x01, 0x8C, 0x01,
    0x8C, 0x01, 0x8C, 0x01, 0x8C, 0x01, 0x8C, 0x01, 0x8C, 0x01, 0x8C, 0x01, 0x8C, 0xFC, 0x20, 0xFC,
    0x20, 0xFC, 0x20, 0xF8, 0x00, 0xF8, 0x00, 0xF8, 0x00, 0xF8, 0x00, 0xF8, 0x00, 0xF8, 0x00, 0xF8,
    0x00, 0xF8, 0x00, 0xF8, 0x00, 0xF8, 0x00, 0xF8, 0x00, 0xF8, 0x00, 0xF8, 0x00, 0xF8, 0x00, 0xF8,
    0x00, 0xF8, 0x00, 0xF8, 0xBA, 0x00, 0xF8, 0x00, 0xF8, 0x00, 0xF8, 0x00, 0xF8, 0x00, 0xF8, 0x00,
    0xF8, 0x00, 0xF8, 0x00, 0xF8, 0x00, 0xF8, 0x00, 0xFB, 0x60, 0xFC, 0x20, 0xFC, 0x20, 0xFC, 0x20,
    0xFC, 0x20, 0xFC, 0x20, 0xFC, 0x20, 0xFC, 0x20, 0xFC, 0x20, 0xFC, 0x20, 0xFC, 0x20, 0xFC, 0x20,
    0xFC, 0x20, 0xFC, 0x20, 0xFC, 0x20, 0xFC, 0x20, 0xFC, 0x20, 0xFC, 0x20, 0xFC, 0x20, 0x59, 0xA0,
    0x04, 0x00, 0xFB, 0x6A, 0xA8, 0xF6, 0x32, 0xFE, 0x73, 0xFE, 0x73, 0xFE, 0x73, 0xFE, 0x73, 0xFE,
    0x34, 0xFC, 0xFE, 0xFC, 0xFE, 0xFC, 0xFE, 0xFC, 0xDF, 0xFC, 0xDF, 0xFC, 0xDF, 0xFC, 0xDF, 0xFC,
    0xDF, 0xFC, 0xDF, 0xFC, 0xDF, 0xFC, 0xDF, 0xFC, 0xDF, 0xFC, 0xDF, 0xFC, 0xDF, 0xFC, 0xDF, 0xFC,
    0xDF, 0xFC, 0xDF, 0xFC, 0xDF, 0xFC, 0xDF, 0xFA, 0xB7, 0xF9, 0xF4, 0xF9, 0xF4, 0xFB, 0x9A, 0xFC,
    0xDF, 0xFC, 0xDF, 0xFC, 0xDF, 0xFC, 0xDF, 0xFC, 0xDF, 0xFC, 0xDF, 0xFB, 0x38, 0xF9, 0xF4, 0xFA,
    0xB7, 0xFC, 0x1D, 0xFC, 0xDF, 0xFC, 0xDF, 0xFC, 0xDF, 0xFC, 0xDF, 0xFC, 0xDF, 0xFC, 0xDF, 0xFC,
    0xDF, 0xFC, 0xDF, 0xFC, 0xDF, 0xFC, 0xDF, 0xFC, 0xDF, 0xFC, 0xDF, 0xFC, 0xFE, 0xFC, 0xFE, 0xFC,
    0xFE, 0xFD, 0xB7, 0xFE, 0x73, 0xFE, 0x73, 0xFE, 0x73, 0xFE, 0x73, 0xFE, 0xD4, 0xAC, 0x2C, 0x05,
    0x00, 0xFF, 0x63, 0x01, 0x4A, 0x01, 0xAD, 0x01, 0x8C, 0x01, 0x8C, 0x01, 0x8C, 0x01, 0x8C, 0x01,
    0x8C, 0x01, 0x8C, 0x01, 0x8C, 0x01, 0x8C, 0x01, 0x8C, 0x01, 0x8C, 0x01, 0x8C, 0x01, 0x8C, 0x01,
    0x8C, 0x01, 0x8C, 0x01, 0x8C, 0x01, 0x8C, 0x01, 0x8C, 0x01, 0x8C, 0x01, 0x8C, 0x01, 0x8C, 0x01,
    0x8C, 0x01, 0x8C, 0x01, 0x8C, 0x01, 0x8C, 0x01, 0x8C, 0x01, 0x8C, 0x01, 0x8C, 0x01, 0x8C, 0x01,
    0x8C, 0x01, 0x8C, 0x01, 0x8C, 0x01, 0x8C, 0x01, 0x8C, 0x01, 0x8C, 0x01, 0x8C, 0x01, 0x8C, 0x01,
    0x8C, 0x01, 0x8C, 0x01, 0x8C, 0x01, 0x8C, 0x01, 0x8C, 0x01, 0x8C, 0xFC, 0xE0, 0xFC, 0xE0, 0xFC,
    0xE0, 0xF8, 0x00, 0xF8, 0x00, 0xF8, 0x00, 0xF8, 0x00, 0xF8, 0x00, 0xF8, 0x00, 0xF8, 0x00, 0xF8,
    0x00, 0xF8, 0x00, 0xF8, 0x00, 0xF8, 0x00, 0xF8, 0x00, 0xF8, 0x00, 0xF8, 0x00, 0xF8, 0x00, 0xF8,
    0x00, 0xF8, 0xBA, 0x00, 0xF8, 0x00, 0xF8, 0x00, 0xF8, 0x00, 0xF8, 0x00, 0xF8, 0x00, 0xF8, 0x00,
    0xF8, 0x00, 0xF8, 0x00, 0xF8, 0x00, 0xFC, 0x20, 0xFC, 0xE0, 0xFC, 0xE0, 0xFC, 0xE0, 0xFC, 0xE0,
    0xFC, 0xE0, 0xFC, 0xE0, 0xFC, 0xE0, 0xFC, 0xE0, 0xFC, 0xE0, 0xFC, 0xE0, 0xFC, 0xE0, 0xFC, 0xE0,
    0xFC, 0xE0, 0xFC, 0xE0, 0xFC, 0xE0, 0xFC, 0xE0, 0xFC, 0xE0, 0xFC, 0xE0, 0x59, 0xA0, 0x04, 0x00,
    0xFB, 0x6A, 0xA8, 0xF6, 0x32, 0xFE, 0x73, 0xFE, 0x73, 0xFE, 0x73, 0xFE, 0x73, 0xFE, 0x34, 0xFC,
    0xDF, 0xFC, 0x9F, 0xFC, 0xDF, 0xFC, 0xDF, 0xFC, 0xDF, 0xFC, 0xDF, 0xFC, 0xDF, 0xFC, 0xDF, 0xFC,
    0xDF, 0xFC, 0xDF, 0xFC, 0xDF, 0xFC, 0xDF, 0xFC, 0xDF, 0xFC, 0xDF, 0xFC, 0xDF, 0xFC, 0xDF, 0xFC,
    0xDF, 0xFC, 0xDF, 0xFC, 0xDF, 0xF9, 0xF4, 0xF9, 0x72, 0xF9, 0x72, 0xFB, 0x38, 0xFC, 0xDF, 0xFC,
    0xDF, 0xFC, 0xDF, 0xFC, 0xDF, 0xFC, 0xDF, 0xFC, 0xDF, 0xFA, 0xB7, 0xF8, 0xF0, 0xF9, 0xF4, 0xFC,
    0x1D, 0xFC, 0xDF, 0xFC, 0xDF, 0xFC, 0xDF, 0xFC, 0xDF, 0xFC, 0xDF, 0xFC, 0xDF, 0xFC, 0xDF, 0xFC,
    0xDF, 0xFC, 0xDF, 0xFC, 0xDF, 0xFC, 0xDF, 0xFC, 0xDF, 0xFC, 0xDF, 0xFC, 0xDF, 0xFC, 0xDF, 0xFD,
    0x99, 0xFE, 0x73, 0xFE, 0x73, 0xFE, 0x73, 0xFE, 0x73, 0xFE, 0xD4, 0xAC, 0x2C, 0x05, 0x00, 0xFF,
    0x63, 0x01, 0x4A, 0x01, 0xAD, 0x01, 0x8C, 0x01, 0x8C, 0x01, 0x8C, 0x01, 0x8C, 0x01, 0x8C, 0x01,
    0x8C, 0x01, 0x8C, 0x01, 0x8C, 0x01, 0x8C, 0x01, 0x8C, 0x01, 0x8C, 0x01, 0x8C, 0x01, 0x8C, 0x01,
    0x8C, 0x01, 0x8C, 0x01, 0x8C, 0x01, 0x8C, 0x01, 0x8C, 0x01, 0x8C, 0x01, 0x8C, 0x01, 0x8C, 0x01,
    0x8C, 0x01, 0x8C, 0x01, 0x8C, 0x01, 0x8C, 0x01, 0x8C, 0x01, 0x8C, 0x01, 0x8C, 0x01, 0x8C, 0x01,
    0x8C, 0x01, 0x8C, 0x01, 0x8C, 0x01, 0x8C, 0x01, 0x8C, 0x01, 0x8C, 0x01, 0x8C, 0x01, 0x8C, 0x01,
    0x8C, 0x01, 0x8C, 0x01, 0x8C, 0x01, 0x8C, 0x01, 0x8C, 0xFC, 0xA0, 0xFC, 0xC0, 0xFC, 0xC0, 0xF9,
    0x60, 0xF9, 0x60, 0xF9, 0x60, 0xF9, 0x60, 0xF9, 0x60, 0xF9, 0x60, 0xF9, 0x60, 0xF9, 0x60, 0xF9,
    0x60, 0xF9, 0x60, 0xF9, 0x60, 0xF9, 0x60, 0xF9, 0x60, 0xF9, 0x60, 0xF9, 0x60, 0xF9, 0x60, 0xF9,
    0xBA, 0x60, 0xF9, 0x60, 0xF9, 0x60, 0xF9, 0x60, 0xF9, 0x60, 0xF9, 0x60, 0xF9, 0x60, 0xF9, 0x60,
    0xF9, 0x60, 0xF9, 0x60, 0xFC, 0x20, 0xFC, 0xC0, 0xFC, 0xA0, 0xFC, 0xA0, 0xFC, 0xA0, 0xFC, 0xA0,
    0xFC, 0xA0, 0xFC, 0xA0, 0xFC, 0xA0, 0xFC, 0xA0, 0xFC, 0xA0, 0xFC, 0xA0, 0xFC, 0xA0, 0xFC, 0xA0,
    0xFC, 0xA0, 0xFC, 0xA0, 0xFC, 0xA0, 0xFC, 0xA0, 0xFC, 0xE0, 0x59, 0xA0, 0x04, 0x00, 0xFB, 0x6A,
    0xA8, 0xF6, 0x32, 0xFE, 0x73, 0xFE, 0x73, 0xFE, 0x73, 0xFE, 0x91, 0xFE, 0x73, 0xFC, 0xDF, 0xFC,
    0xDF, 0xFC, 0xDF, 0xFC, 0xDF, 0xFC, 0xDF, 0xFC, 0xDF, 0xFC, 0xDF, 0xFC, 0xDF, 0xFC, 0xDF, 0xFC,
    0xDF, 0xFC, 0xDF, 0xFC, 0xDF, 0xFC, 0xDF, 0xFC, 0xDF, 0xFC, 0xDF, 0xFC, 0xDF, 0xFC, 0xDF, 0xFC,
    0xDF, 0xFC, 0xDF, 0xF9, 0xF4, 0xF9, 0x72, 0xF9, 0x72, 0xFB, 0x38, 0xFC, 0xDF, 0xFC, 0xDF, 0xFC,
    0xDF, 0xFC, 0xDF, 0xFC, 0xDF, 0xFC, 0xDF, 0xFA, 0xB7, 0xF8, 0xF0, 0xF9, 0xF4, 0xFC, 0x1D, 0xFC,
    0xDF, 0xFC, 0xDF, 0xFC, 0xDF, 0xFC, 0xDF, 0xFC, 0xDF, 0xFC, 0xDF, 0xFC, 0xDF, 0xFC, 0xDF, 0xFC,
    0xDF, 0xFC, 0xDF, 0xFC, 0xDF, 0xFC, 0xDF, 0xFC, 0xDF, 0xFC, 0xDF, 0xFC, 0xDF, 0xFD, 0x99, 0xFE,
    0x91, 0xFE, 0x91, 0xFE, 0x73, 0xFE, 0x73, 0xFE, 0xD4, 0xAC, 0x2C, 0x05, 0x00, 0xFF, 0x63, 0x01,
    0x4A, 0x01, 0xAD, 0x01, 0x8C, 0x01, 0x8C, 0x01, 0x8C, 0x01, 0x8C, 0x01, 0x8C, 0x01, 0x8C, 0x01,
    0x8C, 0x01, 0x8C, 0x01, 0x8C, 0x01, 0x8C, 0x01, 0x8C, 0x01, 0x8C, 0x01, 0x8C, 0x01, 0x8C, 0x01,
    0x8C, 0x01, 0x8C, 0x01, 0x8C, 0x01, 0x8C, 0x01, 0x8C, 0x01, 0x8C, 0x01, 0x8C, 0x01, 0x8C, 0x01,
    0x8C, 0x01, 0x8C, 0x01, 0x8C, 0x01, 0x8C, 0x01, 0x8C, 0x01, 0x8C, 0x01, 0x8C, 0x01, 0x8C, 0x01,
    0x8C, 0x01, 0x8C, 0x01, 0x8C, 0x01, 0x8C, 0x01, 0x8C, 0x01, 0x8C, 0x01, 0x8C, 0x01, 0x8C, 0x01,
    0x8C, 0x01, 0x8C, 0x01, 0x8C, 0x01, 0x8C, 0xFC, 0xC0, 0xFC, 0xC0, 0xFC, 0xC0, 0xFC, 0xA0, 0xFC,
    0x80, 0xFC, 0xA0, 0xFC, 0xA0, 0xFC, 0xA0, 0xFC, 0x80, 0xFC, 0xA0, 0xFC, 0xA0, 0xFC, 0x80, 0xFC,
    0x80, 0xFC, 0x80, 0xFC, 0xA0, 0xFC, 0x80, 0xFC, 0xA0, 0xFC, 0xA0, 0xFC, 0x80, 0xFC, 0xBA, 0x80,
    0xFC, 0xA0, 0xFC, 0xA0, 0xFC, 0x80, 0xFC, 0x80, 0xFC, 0x80, 0xFC, 0xA0, 0xFC, 0xA0, 0xFC, 0x80,
    0xFC, 0xA0, 0xFC, 0xA0, 0xFC, 0xC0, 0xFC, 0xC0, 0xFC, 0xC0, 0xFC, 0xC0, 0xFC, 0xC0, 0xFC, 0xC0,
    0xFC, 0xC0, 0xFC, 0xC0, 0xFC, 0xC0, 0xFC, 0xC0, 0xFC, 0xC0, 0xFC, 0xC0, 0xFC, 0xC0, 0xFC, 0xC0,
    0xFC, 0xC0, 0xFC, 0xC0, 0xFC, 0xC0, 0xFC, 0xE0, 0x59, 0xA0, 0x04, 0x00, 0xFB, 0x6A, 0xA8, 0xF6,
    0x32, 0xFE, 0x73, 0xFD, 0xB7, 0xFD, 0x5B, 0xFD, 0x5B, 0xFD, 0x5B, 0xFC, 0xDF, 0xFC, 0xDF, 0xFC,
    0xDF, 0xFB, 0x9A, 0xFA, 0xB7, 0xFA, 0xB7, 0xFB, 0x9A, 0xFC, 0xDF, 0xFC, 0xDF, 0xFC, 0xDF, 0xFC,
    0xDF, 0xFC, 0xDF, 0xFC, 0xDF, 0xFC, 0xDF, 0xFC, 0xDF, 0xFC, 0xDF, 0xFC, 0xDF, 0xFC, 0xDF, 0xFC,
    0xDF, 0xFC, 0x1D, 0xFB, 0x9A, 0xFB, 0x9A, 0xFC, 0x1D, 0xFC, 0xDF, 0xFC, 0xDF, 0xFC, 0xDF, 0xFC,
    0xDF, 0xFC, 0xDF, 0xFC, 0xDF, 0xFC, 0x1D, 0xFB, 0x9A, 0xFC, 0x1D, 0xFC, 0xDF, 0xFC, 0xDF, 0xFC,
    0xDF, 0xFC, 0xDF, 0xFC, 0xDF, 0xFC, 0xDF, 0xFC, 0xDF, 0xFC, 0xDF, 0xFC, 0xDF, 0xFC, 0xDF, 0xFC,
    0xDF, 0xFC, 0xDF, 0xFC, 0xDF, 0xFC, 0xDF, 0xFC, 0xDF, 0xFC, 0xDF, 0xFD, 0x3C, 0xFD, 0x5B, 0xFD,
    0x5B, 0xFD, 0x99, 0xFE, 0x34, 0xFE, 0xD4, 0xAC, 0x2C, 0x05, 0x00, 0xFF, 0x63, 0x01, 0x4A, 0x01,
    0xAD, 0x01, 0x8C, 0x01, 0x8C, 0x01, 0x8C, 0x01, 0x8C, 0x01, 0x8C, 0x01, 0x8C, 0x01, 0x8C, 0x01,
    0x8C, 0x01, 0x8C, 0x01, 0x8C, 0x01, 0x8C, 0x01, 0x8C, 0x01, 0x8C, 0x01, 0x8C, 0x01, 0x8C, 0x01,
    0x8C, 0x01, 0x8C, 0x01, 0x8C, 0x01, 0x8C, 0x01, 0x8C, 0x01, 0x8C, 0x01, 0x8C, 0x01, 0x8C, 0x01,
    0x8C, 0x01, 0x8C, 0x01, 0x8C, 0x01, 0x8C, 0x01, 0x8C, 0x01, 0x8C, 0x01, 0x8C, 0x01, 0x8C, 0x01,
    0x8C, 0x01, 0x8C, 0x01, 0x8C, 0x01, 0x8C, 0x01, 0x8C, 0x01, 0x8C, 0x01, 0x8C, 0x01, 0x8C, 0x01,
    0x8C, 0x01, 0x8C, 0x01, 0x8C, 0xFC, 0xC0, 0xFC, 0xC0, 0xFC, 0xA0, 0xFC, 0xC0, 0xFC, 0xC0, 0xFC,
    0xC0, 0xFC, 0xC0, 0xFC, 0xC0, 0xFC, 0xC0, 0xFC, 0xC0, 0xFC, 0xC0, 0xFC, 0xC0, 0xFC, 0xC0, 0xFC,
    0xC0, 0xFC, 0xC0, 0xFC, 0xC0, 0xFC, 0xC0, 0xFC, 0xC0, 0xFC, 0xC0, 0xFC, 0xBA, 0xC0, 0xFC, 0xC0,
    0xFC, 0xC0, 0xFC, 0xC0, 0xFC, 0xC0, 0xFC, 0xC0, 0xFC, 0xC0, 0xFC, 0xC0, 0xFC, 0xC0, 0xFC, 0xC0,
    0xFC, 0xC0, 0xFC, 0xC0, 0xFC, 0xC0, 0xFC, 0xC0, 0xFC, 0xC0, 0xFC, 0xC0, 0xFC, 0xC0, 0xFC, 0xC0,
    0xFC, 0xC0, 0xFC, 0xC0, 0xFC, 0xC0, 0xFC, 0xC0, 0xFC, 0xC0, 0xFC, 0xC0, 0xFC, 0xC0, 0xFC, 0xC0,
    0xFC, 0xC0, 0xFC, 0xC0, 0xFC, 0xE0, 0x59, 0xA0, 0x04, 0x00, 0xFB, 0x6A, 0xA8, 0xF6, 0x32, 0xFE,
    0x73, 0xFD, 0x99, 0xFC, 0xDF, 0xFC, 0xDF, 0xFC, 0xDF, 0xFC, 0xDF, 0xFC, 0xDF, 0xFC, 0xDF, 0xFA,
    0xB7, 0xF9, 0x72, 0xF9, 0x72, 0xFA, 0xB7, 0xFC, 0xDF, 0xFC, 0xDF, 0xFC, 0xDF, 0xFC, 0xDF, 0xFC,
    0xDF, 0xFC, 0xDF, 0xFC, 0xDF, 0xFC, 0xDF, 0xFC, 0xDF, 0xFC, 0xDF, 0xFC, 0xDF, 0xFC, 0xDF, 0xFC,
    0xDF, 0xFC, 0xDF, 0xFC, 0xDF, 0xFC, 0xDF, 0xFC, 0xDF, 0xFC, 0xDF, 0xFC, 0xDF, 0xFC, 0xDF, 0xFC,
    0xDF, 0xFC, 0xDF, 0xFC, 0xDF, 0xFC, 0xDF, 0xFC, 0xDF, 0xFC, 0xDF, 0xFC, 0xDF, 0xFC, 0xDF, 0xFC,
    0xDF, 0xFC, 0xDF, 0xFC, 0xDF, 0xFC, 0xDF, 0xFC, 0xDF, 0xFC, 0xDF, 0xFC, 0xDF, 0xFC, 0xDF, 0xFC,
    0xDF, 0xFC, 0xDF, 0xFC, 0xDF, 0xFC, 0xDF, 0xFC, 0xDF, 0xFC, 0xDF, 0xFC, 0xDF, 0xFC, 0x9F, 0xFD,
    0x3C, 0xFE, 0x34, 0xFE, 0xD4, 0xAC, 0x2C, 0x05, 0x00, 0xFF, 0x63, 0x01, 0x4A, 0x01, 0xAD, 0x01,
    0x8C, 0x01, 0x8C, 0x01, 0x8C, 0x01, 0x8C, 0x01, 0x8C, 0x01, 0x8C, 0x01, 0x8C, 0x01, 0x8C, 0x01,
    0x8C, 0x01, 0x8C, 0x01, 0x8C, 0x01, 0x8C, 0x01, 0x8C, 0x01, 0x8C, 0x01, 0x8C, 0x01, 0x8C, 0x01,
    0x8C, 0x01, 0x8C, 0x01, 0x8C, 0x01, 0x8C, 0x01, 0x8C, 0x01, 0x8C, 0x01, 0x8C, 0x01, 0x8C, 0x01,
    0x8C, 0x01, 0x8C, 0x01, 0x8C, 0x01, 0x8C, 0x01, 0x8C, 0x01, 0x8C, 0x01, 0x8C, 0x01, 0x8C, 0x01,
    0x8C, 0x01, 0x8C, 0x01, 0x8C, 0x01, 0x8C, 0x01, 0x8C, 0x01, 0x8C, 0x01, 0x8C, 0x01, 0x8C, 0x01,
    0x8C, 0x01, 0x8C, 0xFC, 0xC0, 0xFC, 0xC0, 0xFC, 0xA0, 0xFC, 0xC0, 0xFC, 0xA0, 0xFC, 0xC0, 0xFC,
    0xA0, 0xFC, 0xA0, 0xFC, 0xA0, 0xFC, 0xA0, 0xFC, 0xC0, 0xFC, 0xA0, 0xFC, 0xC0, 0xFC, 0xA0, 0xFC,
    0xC0, 0xFC, 0xA0, 0xFC, 0xC0, 0xFC, 0xA0, 0xFC, 0xA0, 0xFC, 0xBA, 0xA0, 0xFC, 0xA0, 0xFC, 0xC0,
    0xFC, 0xA0, 0xFC, 0xC0, 0xFC, 0xA0, 0xFC, 0xC0, 0xFC, 0xA0, 0xFC, 0xA0, 0xFC, 0xA0, 0xFC, 0xC0,
    0xFC, 0xC0, 0xFC, 0xA0, 0xFC, 0xC0, 0xFC, 0xA0, 0xFC, 0xC0, 0xFC, 0xA0, 0xFC, 0xC0, 0xFC, 0xA0,
    0xFC, 0xC0, 0xFC, 0xA0, 0xFC, 0xC0, 0xFC, 0xC0, 0xFC, 0xA0, 0xFC, 0xC0, 0xFC, 0xA0, 0xFC, 0xA0,
    0xFC, 0xC0, 0xFC, 0xE0, 0x59, 0xA0, 0x04, 0x00, 0xFB, 0x6A, 0xA8, 0xF6, 0x32, 0xFE, 0x73, 0xFD,
    0x99, 0xFC, 0xDF, 0xFC, 0xDF, 0xFC, 0xDF, 0xFC, 0xDF, 0xFC, 0xDF, 0xFC, 0xDF, 0xFA, 0xB7, 0xF9,
    0x72, 0xF9, 0x72, 0xFA, 0xB7, 0xFC, 0xDF, 0xFC, 0xDF, 0xFC, 0xDF, 0xFC, 0xDF, 0xFC, 0xDF, 0xFC,
    0xDF, 0xFC, 0xDF, 0xFC, 0xDF, 0xFC, 0xDF, 0xFC, 0xDF, 0xFC, 0xDF, 0xFC, 0xDF, 0xFC, 0xDF, 0xFC,
    0xDF, 0xFC, 0xDF, 0xFC, 0xDF, 0xFC, 0xDF, 0xFC, 0xDF, 0xFC, 0xDF, 0xFC, 0xDF, 0xFC, 0xDF, 0xFC,
    0xDF, 0xFD, 0x7F, 0xFD, 0x7F, 0xFD, 0x7F, 0xFD, 0x7F, 0xFD, 0x7F, 0xFD, 0x7F, 0xFC, 0xDF, 0xFC,
    0xDF, 0xFC, 0xDF, 0xFC, 0xDF, 0xFC, 0xDF, 0xFC, 0xDF, 0xFC, 0xDF, 0xFC, 0xDF, 0xFC, 0xDF, 0xFC,
    0xDF, 0xFC, 0xDF, 0xFC, 0xDF, 0xFC, 0xDF, 0xFC, 0xDF, 0xFC, 0xDF, 0xFC, 0xDF, 0xFD, 0x3C, 0xFE,
    0x34, 0xFE, 0xD4, 0xAC, 0x2C, 0x05, 0x00, 0xFF, 0x63, 0x01, 0x4A, 0x01, 0xAD, 0x01, 0x8C, 0x01,
    0xAD, 0x01, 0x8D, 0x01, 0x8D, 0x01, 0x8D, 0x01, 0x8D, 0x01, 0x8D, 0x01, 0xAD, 0x01, 0x8C, 0x01,
    0x8C, 0x01, 0x8C, 0x01, 0x8C, 0x01, 0x8C, 0x01, 0x8C, 0x01, 0x8C, 0x01, 0x8C, 0x01, 0x8C, 0x01,
    0x8C, 0x01, 0x8C, 0x01, 0x8C, 0x01, 0x8C, 0x01, 0x8C, 0x01, 0x8C, 0x01, 0x8C, 0x01, 0x8C, 0x01,
    0x8C, 0x01, 0x8C, 0x01, 0x8C, 0x01, 0x8C, 0x01, 0x8C, 0x01, 0x8C, 0x01, 0x8C, 0x01, 0x8C, 0x01,
    0x8C, 0x01, 0x8C, 0x01, 0x8C, 0x01, 0x8C, 0x01, 0x8C, 0x01, 0x8C, 0x01, 0x8C, 0x01, 0x8C, 0x01,
    0x8C, 0xFC, 0xC0, 0xFC, 0xC0, 0xFC, 0xC0, 0xFC, 0xC0, 0xFC, 0xC0, 0xFC, 0xC0, 0xFC, 0xC0, 0xFC,
    0xC0, 0xFC, 0xC0, 0xFC, 0xC0, 0xFC, 0xC0, 0xFC, 0xC0, 0xFC, 0xC0, 0xFC, 0xC0, 0xFC, 0xC0, 0xFC,
    0xC0, 0xFC, 0xC0, 0xFC, 0xC0, 0xFC, 0xC0, 0xFC, 0xBA, 0xC0, 0xFC, 0xC0, 0xFC, 0xC0, 0xFC, 0xC0,
    0xFC, 0xC0, 0xFC, 0xC0, 0xFC, 0xC0, 0xFC, 0xC0, 0xFC, 0xC0, 0xFC, 0xC0, 0xFC, 0xC0, 0xFC, 0xC0,
    0xFC, 0xC0, 0xFC, 0xC0, 0xFC, 0xC0, 0xFC, 0xC0, 0xFC, 0xC0, 0xFC, 0xC0, 0xFC, 0xC0, 0xFC, 0xC0,
    0xFC, 0xC0, 0xFC, 0xC0, 0xFC, 0xC0, 0xFC, 0xC0, 0xFC, 0xC0, 0xFC, 0xC0, 0xFC, 0xC0, 0xFC, 0xC0,
    0xFC, 0xE0, 0x59, 0xA0, 0x04, 0x00, 0xC7, 0x6A, 0xA8, 0xF6, 0x32, 0xFE, 0x73, 0xFD, 0x99, 0xFC,
    0xDF, 0xFC, 0xDF, 0xFC, 0xDF, 0xFC, 0xDF, 0xFC, 0xDF, 0xFC, 0xDF, 0xFB, 0x38, 0xF9, 0xF4, 0xF9,
    0xF4, 0xFB, 0x38, 0xFC, 0xDF, 0xFC, 0xDF, 0xFC, 0xDF, 0xFC, 0xDF, 0xFC, 0xDF, 0xFC, 0xDF, 0xFC,
    0xDF, 0xFC, 0xDF, 0xFC, 0xDF, 0xFC, 0xDF, 0xFC, 0xDF, 0xFC, 0xDF, 0xFC, 0xDF, 0xFC, 0xDF, 0xFC,
    0xDF, 0xFC, 0xDF, 0xFC, 0xDF, 0xFC, 0xDF, 0xFC, 0xDF, 0xFC, 0xDF, 0xFC, 0xDF, 0xBB, 0x97, 0x02,
    0x00, 0x87, 0x10, 0x62, 0x10, 0x62, 0x10, 0x62, 0x10, 0x62, 0x02, 0x00, 0xA7, 0x92, 0xD2, 0xFC,
    0xFE, 0xFC, 0xDF, 0xFC, 0xDF, 0xFC, 0xDF, 0xFC, 0xDF, 0xFC, 0xDF, 0xFC, 0x1D, 0xFC, 0x1D, 0xFC,
    0x1D, 0xFC, 0xDF, 0xFC, 0xDF, 0xFC, 0xDF, 0xFC, 0xDF, 0xFC, 0xDF, 0xFC, 0xDF, 0xFD, 0x3C, 0xFE,
    0x34, 0xFE, 0xD4, 0xAC, 0x2C, 0x05, 0x00, 0x88, 0x63, 0x01, 0x4A, 0x01, 0xAD, 0x01, 0xAD, 0x00,
    0xC6, 0x0B, 0x00, 0xFF, 0xC6, 0x01, 0x8C, 0x01, 0x8C, 0x01, 0x8C, 0x01, 0x8C, 0x01, 0x8C, 0x01,
    0x8C, 0x01, 0x8C, 0x01, 0x8C, 0x01, 0x8C, 0x01, 0x8C, 0x01, 0x8C, 0x01, 0x8C, 0x01, 0x8C, 0x01,
    0x8C, 0x01, 0x8C, 0x01, 0x8C, 0x01, 0x8C, 0x01, 0x8C, 0x01, 0x8C, 0x01, 0x8C, 0x01, 0x8C, 0x01,
    0x8C, 0x01, 0x8C, 0x01, 0x8C, 0x01, 0x8C, 0x01, 0x8C, 0x01, 0x8C, 0x01, 0x8C, 0x01, 0x8C, 0x01,
    0x8C, 0x01, 0x8C, 0x01, 0x8C, 0x01, 0x8C, 0x01, 0x8C, 0xFC, 0xC0, 0xFC, 0xC0, 0xFC, 0xC0, 0xFC,
    0xC0, 0xFC, 0xA0, 0xFC, 0xC0, 0xFC, 0xC0, 0xFC, 0xA0, 0xFC, 0xC0, 0xFC, 0xC0, 0xFC, 0xC0, 0xFC,
    0xA0, 0xFC, 0xC0, 0xFC, 0xA0, 0xFC, 0xC0, 0xFC, 0xA0, 0xFC, 0xC0, 0xFC, 0xC0, 0xFC, 0xC0, 0xFC,
    0xA0, 0xFC, 0xC0, 0xFC, 0xC0, 0xFC, 0xA0, 0xFC, 0xC0, 0xFC, 0xA0, 0xFC, 0xC0, 0xFC, 0xC0, 0xFC,
    0xC0, 0xFC, 0xA0, 0xFC, 0xA6, 0xC0, 0xFC, 0xC0, 0xFC, 0xC0, 0xFC, 0xC0, 0xFC, 0xC0, 0xFC, 0xC0,
    0xFC, 0xC0, 0xFC, 0xC0, 0xFC, 0xC0, 0xFC, 0xC0, 0xFC, 0xA0, 0xFC, 0xC0, 0xFC, 0xC0, 0xFC, 0xC0,
    0xFC, 0xC0, 0xFC, 0xC0, 0xFC, 0xC0, 0xFC, 0xC0, 0xFC, 0xE0, 0x59, 0xA0, 0x04, 0x00, 0xC7, 0x6A,
    0xA8, 0xF6, 0x32, 0xFE, 0x73, 0xFD, 0x99, 0xFC, 0xDF, 0xFC, 0xDF, 0xFC, 0xDF, 0xFC, 0xDF, 0xFC,
    0xDF, 0xFC, 0xDF, 0xFC, 0xDF, 0xFC, 0xDF, 0xFC, 0xDF, 0xFC, 0xDF, 0xFC, 0xDF, 0xFC, 0xDF, 0xFC,
    0xDF, 0xFC, 0xDF, 0xFC, 0xDF, 0xFC, 0xDF, 0xFC, 0xDF, 0xFC, 0xDF, 0xFC, 0xDF, 0xFC, 0xDF, 0xFC,
    0xDF, 0xFC, 0xDF, 0xFC, 0xDF, 0xFC, 0xDF, 0xFC, 0xDF, 0xFC, 0xDF, 0xFC, 0xDF, 0xFC, 0xDF, 0xFC,
    0xDF, 0xFC, 0xDF, 0xFC, 0xDF, 0xBB, 0x97, 0x0C, 0x00, 0xA7, 0x7A, 0x4F, 0xFC, 0xFE, 0xFC, 0xDF,
    0xFC, 0xDF, 0xFC, 0xDF, 0xFC, 0xDF, 0xFB, 0x9A, 0xF9, 0x72, 0xF8, 0xF0, 0xF9, 0x72, 0xFC, 0x1D,
    0xFC, 0xDF, 0xFC, 0xDF, 0xFC, 0xDF, 0xFC, 0xDF, 0xFC, 0x9F, 0xFD, 0x3C, 0xFE, 0x34, 0xFE, 0xD4,
    0xAC, 0x2C, 0x05, 0x00, 0x88, 0x63, 0x01, 0x4A, 0x01, 0xAD, 0x01, 0xAD, 0x00, 0xC6, 0x0B, 0x00,
    0xFF, 0xC6, 0x01, 0x6B, 0x01, 0x8C, 0x01, 0x8C, 0x01, 0x8C, 0x01, 0x8C, 0x01, 0x8C, 0x01, 0x8C,
    0x01, 0x8C, 0x01, 0x8C, 0x01, 0x8C, 0x01, 0x8C, 0x01, 0x8C, 0x01, 0x8C, 0x01, 0x8C, 0x01, 0x8C,
    0x01, 0x8C, 0x01, 0x8C, 0x01, 0x8C, 0x01, 0x8C, 0x01, 0x8C, 0x01, 0x8C, 0x01, 0x8C, 0x01, 0x8C,
    0x01, 0x8C, 0x01, 0x8C, 0x01, 0x8C, 0x01, 0x8C, 0x01, 0x8C, 0x01, 0x8C, 0x01, 0x8C, 0x01, 0x8C,
    0x01, 0x8C, 0x01, 0x8C, 0x01, 0x8C, 0xFC, 0xA0, 0xFC, 0xA0, 0xFC, 0xA0, 0xFC, 0xC0, 0xFC, 0xC0,
    0xFC, 0xC0, 0xFC, 0xC0, 0xFC, 0xC0, 0xFC, 0xC0, 0xFC, 0xC0, 0xFC, 0xC0, 0xFC, 0xC0, 0xFC, 0xC0,
    0xFC, 0xC0, 0xFC, 0xC0, 0xFC, 0xC0, 0xFC, 0xC0, 0xFC, 0xC0, 0xFC, 0xC0, 0xFC, 0xC0, 0xFC, 0xC0,
    0xFC, 0xC0, 0xFC, 0xC0, 0xFC, 0xC0, 0xFC, 0xC0, 0xFC, 0xC0, 0xFC, 0xC0, 0xFC, 0xC0, 0xFC, 0xA0,
    0xFC, 0xA6, 0xA0, 0xFC, 0xA0, 0xFC, 0xA0, 0xFC, 0xA0, 0xFC, 0xA0, 0xFC, 0xA0, 0xFC, 0xA0, 0xFC,
    0xA0, 0xFC, 0xA0, 0xFC, 0xA0, 0xFC, 0xA0, 0xFC, 0xA0, 0xFC, 0xA0, 0xFC, 0xA0, 0xFC, 0xA0, 0xFC,
    0xA0, 0xFC, 0xA0, 0xFC, 0xA0, 0xFC, 0xC0, 0x59, 0xA0, 0x04, 0x00, 0xC7, 0x6A, 0xA8, 0xF6, 0x32,
    0xFE, 0x73, 0xFD, 0x99, 0xFC, 0xDF, 0xFC, 0xDF, 0xFC, 0xDF, 0xFC, 0xDF, 0xFC, 0xDF, 0xFC, 0xDF,
    0xFC, 0xDF, 0xFC, 0xDF, 0xFC, 0xDF, 0xFC, 0xDF, 0xFC, 0xDF, 0xFC, 0xDF, 0xFC, 0xDF, 0xFC, 0xDF,
    0xFC, 0xDF, 0xFC, 0xDF, 0xFC, 0xDF, 0xFC, 0xDF, 0xFC, 0xDF, 0xFC, 0xDF, 0xFC, 0xDF, 0xFC, 0xDF,
    0xFC, 0xDF, 0xFC, 0xDF, 0xFC, 0xDF, 0xFC, 0xDF, 0xFC, 0xDF, 0xFC, 0xDF, 0xFC, 0xDF, 0xFC, 0xDF,
    0xFC, 0xDF, 0xBB, 0x97, 0x0C, 0x00, 0xA7, 0x7A, 0x4F, 0xFD, 0x7F, 0xFC, 0xDF, 0xFC, 0xDF, 0xFC,
    0xDF, 0xFC, 0xDF, 0xFB, 0x9A, 0xF9, 0x72, 0xF9, 0x72, 0xF9, 0x72, 0xFC, 0x1D, 0xFC, 0xDF, 0xFC,
    0xDF, 0xFC, 0xDF, 0xFC, 0xDF, 0xFC, 0xDF, 0xFD, 0x3C, 0xFE, 0x34, 0xFE, 0xD4, 0xAC, 0x2C, 0x05,
    0x00, 0x88, 0x63, 0x01, 0x4A, 0x01, 0xAD, 0x01, 0xAD, 0x00, 0xC6, 0x0B, 0x00, 0xFF, 0xC6, 0x01,
    0x8C, 0x01, 0xAD, 0x01, 0xAD, 0x01, 0x8C, 0x01, 0x8C, 0x01, 0x8C, 0x01, 0x8C, 0x01, 0x8C, 0x01,
    0x8C, 0x01, 0x8C, 0x01, 0x8C, 0x01, 0x8C, 0x01, 0x8C, 0x01, 0x8C, 0x01, 0x8C, 0x01, 0x8C, 0x01,
    0x8C, 0x01, 0x8C, 0x01, 0x8C, 0x01, 0x8C, 0x01, 0x8C, 0x01, 0x8C, 0x01, 0x8C, 0x01, 0x8C, 0x01,
    0x8C, 0x01, 0x8C, 0x01, 0x8C, 0x01, 0x8C, 0x01, 0x8C, 0x01, 0x8C, 0x01, 0x8C, 0x01, 0x8C, 0x01,
    0x8C, 0x01, 0x8C, 0xFE, 0x00, 0xFE, 0x00, 0xFE, 0x00, 0xFC, 0xE0, 0xFC, 0xA0, 0xFC, 0xC0, 0xFC,
    0xC0, 0xFC, 0xC0, 0xFC, 0xC0, 0xFC, 0xC0, 0xFC, 0xC0, 0xFC, 0xC0, 0xFC, 0xC0, 0xFC, 0xC0, 0xFC,
    0xC0, 0xFC, 0xC0, 0xFC, 0xC0, 0xFC, 0xC0, 0xFC, 0xC0, 0xFC, 0xC0, 0xFC, 0xC0, 0xFC, 0xC0, 0xFC,
    0xC0, 0xFC, 0xC0, 0xFC, 0xC0, 0xFC, 0xC0, 0xFC, 0xC0, 0xFC, 0xA0, 0xFC, 0xC0, 0xFE, 0xA6, 0x00,
    0xFE, 0x00, 0xFE, 0x00, 0xFE, 0x00, 0xFE, 0x00, 0xFE, 0x00, 0xFE, 0x00, 0xFE, 0x00, 0xFE, 0x00,
    0xFE, 0x00, 0xFE, 0x00, 0xFE, 0x00, 0xFE, 0x00, 0xFE, 0x00, 0xFE, 0x00, 0xFE, 0x00, 0xFE, 0x00,
    0xFE, 0x00, 0xFE, 0x00, 0x5A, 0x20, 0x04, 0x00, 0xFB, 0x6A, 0xA8, 0xF6, 0x32, 0xFE, 0x73, 0xFD,
    0x99, 0xFC, 0xDF, 0xFC, 0xDF, 0xFC, 0xDF, 0xFC, 0xDF, 0xFC, 0xDF, 0xFC, 0xDF, 0xFC, 0xDF, 0xFC,
    0xDF, 0xFC, 0xDF, 0xFC, 0xDF, 0xFC, 0xDF, 0xFC, 0xDF, 0xFC, 0xDF, 0xFC, 0xDF, 0xFC, 0xDF, 0xFC,
    0xDF, 0xFC, 0xDF, 0xFC, 0xDF, 0xFC, 0xDF, 0xFC, 0xDF, 0xFC, 0xDF, 0xFC, 0xDF, 0xFC, 0xDF, 0xFC,
    0xDF, 0xFC, 0xDF, 0xFC, 0xDF, 0xFC, 0xDF, 0xFC, 0xDF, 0xFC, 0xDF, 0xBB, 0x97, 0xBB, 0x97, 0x92,
    0xD2, 0x4A, 0x49, 0x52, 0xAA, 0x52, 0xAA, 0x52, 0xAA, 0x52, 0xAA, 0x52, 0xAA, 0x6A, 0x6D, 0xBB,
    0x97, 0xBB, 0x97, 0xBB, 0x97, 0xFC, 0xDF, 0xFC, 0xDF, 0xFC, 0x1D, 0xFB, 0x38, 0xFB, 0x38, 0xFB,
    0x38, 0xFC, 0xDF, 0xFC, 0xDF, 0xFC, 0xDF, 0xFC, 0xDF, 0xFC, 0xDF, 0xFC, 0xDF, 0xFD, 0x3C, 0xFE,
    0x34, 0xFE, 0xD4, 0xAC, 0x2C, 0x05, 0x00, 0xFF, 0x63, 0x00, 0xC6, 0x01, 0x4A, 0x01, 0x4A, 0x31,
    0xE8, 0x52, 0xAA, 0x52, 0xAA, 0x52, 0xAA, 0x52, 0xAA, 0x52, 0xAA, 0x31, 0xE8, 0x00, 0xC7, 0x01,
    0x4A, 0x01, 0x4A, 0x01, 0x8C, 0x01, 0x8C, 0x01, 0x8C, 0x01, 0x8C, 0x01, 0x8C, 0x01, 0x8C, 0x01,
    0x8C, 0x01, 0x8C, 0x01, 0x8C, 0x01, 0x8C, 0x01, 0x8C, 0x01, 0x8C, 0x01, 0x8C, 0x01, 0x8C, 0x01,
    0x8C, 0x01, 0x8C, 0x01, 0x8C, 0x01, 0x8C, 0x01, 0x8C, 0x01, 0x8C, 0x01, 0x8C, 0x01, 0x8C, 0x01,
    0x8C, 0x01, 0x8C, 0x01, 0x8C, 0x01, 0x8C, 0x01, 0x8C, 0x01, 0x8C, 0x01, 0x8C, 0x01, 0x8C, 0x01,
    0x8C, 0xFF, 0xE0, 0xFF, 0xE0, 0xFF, 0xE0, 0xFD, 0x40, 0xFC, 0x80, 0xFC, 0xC0, 0xFC, 0xC0, 0xFC,
    0xC0, 0xFC, 0xC0, 0xFC, 0xC0, 0xFC, 0xC0, 0xFC, 0xC0, 0xFC, 0xC0, 0xFC, 0xC0, 0xFC, 0xC0, 0xFC,
    0xC0, 0xFC, 0xC0, 0xFC, 0xC0, 0xFC, 0xC0, 0xFC, 0xBA, 0xC0, 0xFC, 0xC0, 0xFC, 0xC0, 0xFC, 0xC0,
    0xFC, 0xC0, 0xFC, 0xC0, 0xFC, 0xC0, 0xFC, 0xC0, 0xFC, 0xA0, 0xFC, 0xE0, 0xFF, 0x60, 0xFF, 0xE0,
    0xFF, 0xE0, 0xFF, 0xE0, 0xFF, 0xE0, 0xFF, 0xE0, 0xFF, 0xE0, 0xFF, 0xE0, 0xFF, 0xE0, 0xFF, 0xE0,
    0xFF, 0xE0, 0xFF, 0xE0, 0xFF, 0xE0, 0xFF, 0xE0, 0xFF, 0xE0, 0xFF, 0xE0, 0xFF, 0xE0, 0xFF, 0xE0,
    0xFF, 0xE0, 0x5A, 0xC0, 0x04, 0x00, 0xC1, 0x6A, 0xA8, 0xF6, 0x32, 0xFE, 0x73, 0xFD, 0x99, 0xFC,
    0xDF, 0xFC, 0xDF, 0xFC, 0xDF, 0xFC, 0xDF, 0xFC, 0xDF, 0xFC, 0xDF, 0xFC, 0xDF, 0xFC, 0xDF, 0xFC,
    0xDF, 0xFC, 0xDF, 0xFC, 0xDF, 0xFC, 0xDF, 0xFC, 0xDF, 0xFC, 0xDF, 0xFC, 0xDF, 0xFC, 0xDF, 0xFC,
    0xDF, 0xFC, 0xDF, 0xFC, 0xDF, 0xFC, 0xDF, 0xFC, 0xDF, 0xFC, 0xDF, 0xFC, 0xDF, 0xFC, 0xDF, 0xFC,
    0xDF, 0xFC, 0xDF, 0xFC, 0xDF, 0xFC, 0xDF, 0xCB, 0xD9, 0x04, 0x00, 0x8F, 0x31, 0xA6, 0x9C, 0xD3,
    0x9C, 0xD3, 0x9C, 0xD3, 0x9C, 0xD3, 0x9C, 0xD3, 0xA5, 0x34, 0x4A, 0x49, 0x04, 0x00, 0x02, 0x49,
    0x9F, 0xCB, 0xD9, 0xFC, 0xDF, 0xFC, 0xDF, 0xFC, 0xDF, 0xFC, 0xDF, 0xFC, 0xDF, 0xFC, 0xDF, 0xFC,
    0xDF, 0xFC, 0xDF, 0xFC, 0xDF, 0xFC, 0xDF, 0xFC, 0x9F, 0xFD, 0x3C, 0xFE, 0x34, 0xFE, 0xD4, 0xAC,
    0x2C, 0x0C, 0x00, 0x8D, 0x52, 0xAA, 0xA5, 0x34, 0x9C, 0xD3, 0x9C, 0xD3, 0x9C, 0xD3, 0x9C, 0xD3,
    0x63, 0x2C, 0x06, 0x00, 0xFF, 0x01, 0x6B, 0x01, 0xAD, 0x01, 0x8C, 0x01, 0x8C, 0x01, 0x8C, 0x01,
    0x8C, 0x01, 0x8C, 0x01, 0x8C, 0x01, 0x8C, 0x01, 0x8C, 0x01, 0x8C, 0x01, 0x8C, 0x01, 0x8C, 0x01,
    0x8C, 0x01, 0x8C, 0x01, 0x8C, 0x01, 0x8C, 0x01, 0x8C, 0x01, 0x8C, 0x01, 0x8C, 0x01, 0x8C, 0x01,
    0x8C, 0x01, 0x8C, 0x01, 0x8C, 0x01, 0x8C, 0x01, 0x8C, 0x01, 0x8C, 0x01, 0x8C, 0x01, 0x8C, 0x01,
    0x8C, 0x01, 0x8C, 0xFF, 0xE0, 0xFF, 0xE0, 0xFF, 0xE0, 0xFD, 0x40, 0xFC, 0x80, 0xFC, 0x80, 0xFC,
    0x80, 0xFC, 0x80, 0xFC, 0x80, 0xFC, 0x80, 0xFC, 0x80, 0xFC, 0x80, 0xFC, 0x80, 0xFC, 0x80, 0xFC,
    0x80, 0xFC, 0x80, 0xFC, 0x80, 0xFC, 0x80, 0xFC, 0x80, 0xFC, 0x80, 0xFC, 0x80, 0xFC, 0x80, 0xFC,
    0x80, 0xFC, 0x80, 0xFC, 0x80, 0xFC, 0x80, 0xFC, 0x80, 0xFC, 0x80, 0xFC, 0xA0, 0xFF, 0x60, 0xFF,
    0xE0, 0xFF, 0xE0, 0xFF, 0xE0, 0x9F, 0xFF, 0xE0, 0xFF, 0xE0, 0xFF, 0xE0, 0xFF, 0xE0, 0xFF, 0xE0,
    0xFF, 0xE0, 0xFF, 0xE0, 0xFF, 0xE0, 0xFF, 0xE0, 0xFF, 0xE0, 0xFF, 0xE0, 0xFF, 0xE0, 0xFF, 0xE0,
    0xFF, 0xE0, 0xFF, 0xE0, 0x5A, 0xC0, 0x04, 0x00, 0xC3, 0x6A, 0xA8, 0xF6, 0x32, 0xFE, 0x73, 0xFD,
    0x99, 0xFC, 0xDF, 0xFC, 0xDF, 0xFC, 0xDF, 0xFC, 0xDF, 0xFC, 0xDF, 0xFC, 0xDF, 0xFC, 0xDF, 0xFC,
    0xDF, 0xFC, 0xDF, 0xFC, 0xDF, 0xFC, 0xDF, 0xFC, 0xDF, 0xFC, 0xDF, 0xFC, 0xDF, 0xFC, 0xDF, 0xFC,
    0xDF, 0xFC, 0xDF, 0xFC, 0xDF, 0xFC, 0xDF, 0xFC, 0xDF, 0xFC, 0xDF, 0xFC, 0xDF, 0xFC, 0xDF, 0xFC,
    0xDF, 0xFC, 0xDF, 0xFC, 0xDF, 0xFC, 0xDF, 0xFC, 0xDF, 0xCB, 0xD9, 0x10, 0x62, 0x02, 0x00, 0x8F,
    0x31, 0xA6, 0x9C, 0xD3, 0x9C, 0xD3, 0x9C, 0xD3, 0x9C, 0xD3, 0x9C, 0xD3, 0xA5, 0x34, 0x42, 0x08,
    0x04, 0x00, 0x02, 0x49, 0x9F, 0xFC, 0xFE, 0xFC, 0xFE, 0xFC, 0xDF, 0xFC, 0xDF, 0xFC, 0xDF, 0xFC,
    0xDF, 0xFC, 0xDF, 0xFC, 0xDF, 0xFC, 0xDF, 0xFC, 0xDF, 0xFC, 0xDF, 0xFC, 0x9F, 0xFD, 0x3C, 0xFE,
    0x34, 0xFE, 0xD4, 0xAC, 0x2C, 0x0C, 0x00, 0x8D, 0x52, 0xAA, 0x9C, 0xD3, 0x9C, 0xD3, 0x9C, 0xD3,
    0x9C, 0xD3, 0x9C, 0xD3, 0x63, 0x2C, 0x06, 0x00, 0xFF, 0x01, 0x6B, 0x01, 0xAD, 0x01, 0x8C, 0x01,
    0x8C, 0x01, 0x8C, 0x01, 0x8C, 0x01, 0x8C, 0x01, 0x8C, 0x01, 0x8C, 0x01, 0x8C, 0x01, 0x8C, 0x01,
    0x8C, 0x01, 0x8C, 0x01, 0x8C, 0x01, 0x8C, 0x01, 0x8C, 0x01, 0x8C, 0x01, 0x8C, 0x01, 0x8C, 0x01,
    0x8C, 0x01, 0x8C, 0x01, 0x8C, 0x01, 0x8C, 0x01, 0x8C, 0x01, 0x8C, 0x01, 0x8C, 0x01, 0x8C, 0x01,
    0x8C, 0x01, 0x8C, 0x01, 0x8C, 0x01, 0x8C, 0xFF, 0xE0, 0xFF, 0xE0, 0xFF, 0xE0, 0xFE, 0xC0, 0xFE,
    0xC0, 0xFE, 0xC0, 0xFE, 0xC0, 0xFE, 0xC0, 0xFE, 0xC0, 0xFE, 0xC0, 0xFE, 0xC0, 0xFE, 0xC0, 0xFE,
    0xC0, 0xFE, 0xC0, 0xFE, 0xC0, 0xFE, 0xC0, 0xFE, 0xC0, 0xFE, 0xC0, 0xFE, 0xC0, 0xFE, 0xC0, 0xFE,
    0xC0, 0xFE, 0xC0, 0xFE, 0xC0, 0xFE, 0xC0, 0xFE, 0xC0, 0xFE, 0xC0, 0xFE, 0xC0, 0xFE, 0xC0, 0xFE,
    0xC0, 0xFF, 0xE0, 0xFF, 0xE0, 0xFF, 0xE0, 0xFF, 0xE0, 0x9F, 0xFF, 0xE0, 0xFF, 0xE0, 0xFF, 0xE0,
    0xFF, 0xE0, 0xFF, 0xE0, 0xFF, 0xE0, 0xFF, 0xE0, 0xFF, 0xE0, 0xFF, 0xE0, 0xFF, 0xE0, 0xFF, 0xE0,
    0xFF, 0xE0, 0xFF, 0xE0, 0xFF, 0xE0, 0xFF, 0xE0, 0x5A, 0xC0, 0x04, 0x00, 0xC3, 0x6A, 0xA8, 0xF6,
    0x32, 0xFE, 0x73, 0xFD, 0x99, 0xFC, 0xDF, 0xFC, 0xDF, 0xFC, 0xDF, 0xFC, 0xDF, 0xFC, 0xDF, 0xFC,
    0xDF, 0xFC, 0xDF, 0xFC, 0xDF, 0xFC, 0xDF, 0xFC, 0xDF, 0xFC, 0xDF, 0xFC, 0xDF, 0xFC, 0xDF, 0xFC,
    0xDF, 0xFC, 0xDF, 0xFC, 0xDF, 0xFC, 0xDF, 0xFC, 0xDF, 0xFC, 0xDF, 0xFC, 0xDF, 0xFC, 0x1D, 0xFC,
    0x1D, 0xFC, 0xDF, 0xFC, 0xDF, 0xFC, 0xDF, 0xFC, 0xDF, 0xFC, 0xDF, 0xFC, 0xDF, 0xCB, 0xD9, 0x10,
    0x62, 0x02, 0x00, 0xB5, 0x31, 0xA6, 0x9C, 0xD3, 0x9C, 0xD3, 0x9C, 0xD3, 0x9C, 0xD3, 0x9C, 0xD3,
    0x9C, 0xD3, 0x84, 0x10, 0x63, 0x2C, 0x63, 0x2C, 0x63, 0x2C, 0x7A, 0x4F, 0x7A, 0x4F, 0xBB, 0x97,
    0xFC, 0xFE, 0xFC, 0xDF, 0xFC, 0xDF, 0xFC, 0xDF, 0xFC, 0xDF, 0xFC, 0xDF, 0xFC, 0xDF, 0xFC, 0xDF,
    0xFC, 0xDF, 0xFD, 0x3C, 0xFE, 0x34, 0xFE, 0xD4, 0xAC, 0x2C, 0x04, 0x00, 0x95, 0x10, 0xA2, 0x52,
    0xAA, 0x63, 0x2C, 0x63, 0x2C, 0x84, 0x10, 0x9C, 0xD3, 0x9C, 0xD3, 0x9C, 0xD3, 0x9C, 0xD3, 0x9C,
    0xD3, 0x63, 0x2C, 0x06, 0x00, 0xFF, 0x01, 0x6B, 0x01, 0xAD, 0x01, 0x8C, 0x01, 0x8C, 0x01, 0x8C,
    0x01, 0x8C, 0x01, 0x8C, 0x01, 0x8C, 0x01, 0x8C, 0x01, 0x8C, 0x01, 0x8C, 0x01, 0x8C, 0x01, 0x8C,
    0x01, 0x8C, 0x01, 0x8C, 0x01, 0x8C, 0x01, 0x8C, 0x01, 0x8C, 0x01, 0x8C, 0x01, 0x8C, 0x01, 0x8C,
    0x01, 0x8C, 0x01, 0x8C, 0x01, 0x8C, 0x01, 0x8C, 0x01, 0x8C, 0x01, 0x8C, 0x01, 0x8C, 0x01, 0x8C,
    0x01, 0x8C, 0x01, 0x8C, 0xFF, 0xE0, 0xFF, 0xE0, 0xFF, 0xE0, 0xFF, 0xE0, 0xFF, 0xE0, 0xFF, 0xE0,
    0xFF, 0xE0, 0xFF, 0xE0, 0xFF, 0xE0, 0xFF, 0xE0, 0xFF, 0xE0, 0xFF, 0xE0, 0xFF, 0xE0, 0xFF, 0xE0,
    0xFF, 0xE0, 0xFF, 0xE0, 0xFF, 0xE0, 0xFF, 0xE0, 0xFF, 0xE0, 0xFF, 0xE0, 0xFF, 0xE0, 0xFF, 0xE0,
    0xFF, 0xE0, 0xFF, 0xE0, 0xFF, 0xE0, 0xFF, 0xE0, 0xFF, 0xE0, 0xFF, 0xE0, 0xFF, 0xE0, 0xFF, 0xE0,
    0xFF, 0xE0, 0xFF, 0xE0, 0xFF, 0xE0, 0x9F, 0xFF, 0xE0, 0xFF, 0xE0, 0xFF, 0xE0, 0xFF, 0xE0, 0xFF,
    0xE0, 0xFF, 0xE0, 0xFF, 0xE0, 0xFF, 0xE0, 0xFF, 0xE0, 0xFF, 0xE0, 0xFF, 0xE0, 0xFF, 0xE0, 0xFF,
    0xE0, 0xFF, 0xE0, 0xFF, 0xE0, 0x5A, 0xC0, 0x04, 0x00, 0xC3, 0x6A, 0xA8, 0xF6, 0x32, 0xFE, 0x73,
    0xFD, 0x99, 0xFC, 0xDF, 0xFC, 0xDF, 0xFC, 0xDF, 0xFC, 0xDF, 0xFC, 0xDF, 0xFC, 0xDF, 0xFC, 0xDF,
    0xFC, 0xDF, 0xFC, 0xDF, 0xFC, 0xDF, 0xFC, 0xDF, 0xFC, 0xDF, 0xFC, 0xDF, 0xFC, 0xDF, 0xFC, 0xDF,
    0xFC, 0xDF, 0xFC, 0xDF, 0xFC, 0xDF, 0xFC, 0xDF, 0xFA, 0xB7, 0xF9, 0x72, 0xF9, 0xF4, 0xFC, 0x1D,
    0xFC, 0xDF, 0xFC, 0xDF, 0xFC, 0xDF, 0xFC, 0xDF, 0xFC, 0xDF, 0xCB, 0xD9, 0x10, 0x62, 0x02, 0x00,
    0x95, 0x31, 0xA6, 0x9C, 0xD3, 0x9C, 0xD3, 0x9C, 0xD3, 0x9C, 0xD3, 0x9C, 0xD3, 0x9C, 0xD3, 0x9C,
    0xD3, 0x9C, 0xD3, 0x9C, 0xD3, 0x84, 0x10, 0x04, 0x00, 0x9B, 0x7A, 0x4F, 0xFC, 0xFE, 0xFC, 0xDF,
    0xFC, 0xDF, 0xFC, 0xDF, 0xFC, 0xDF, 0xFC, 0xDF, 0xFC, 0xDF, 0xFC, 0xDF, 0xFC, 0xDF, 0xFD, 0x3C,
    0xFE, 0x34, 0xFE, 0xD4, 0xAC, 0x2C, 0x04, 0x00, 0x95, 0x21, 0x04, 0x84, 0x10, 0xA5, 0x34, 0x9C,
    0xD3, 0x9C, 0xD3, 0x9C, 0xD3, 0x9C, 0xD3, 0x9C, 0xD3, 0x9C, 0xD3, 0x9C, 0xD3, 0x63, 0x2C, 0x06,
    0x00, 0xFF, 0x01, 0x6B, 0x01, 0xAD, 0x01, 0x8C, 0x01, 0x8C, 0x01, 0x8C, 0x01, 0x8C, 0x01, 0x8C,
    0x01, 0x8C, 0x01, 0x8C, 0x01, 0x8C, 0x01, 0x8C, 0x01, 0x8C, 0x01, 0x8C, 0x01, 0x8C, 0x01, 0x8C,
    0x01, 0x8C, 0x01, 0x8C, 0x01, 0x8C, 0x01, 0x8C, 0x01, 0x8C, 0x01, 0x8C, 0x01, 0x8C, 0x01, 0x8C,
    0x01, 0x8C, 0x01, 0x8C, 0x01, 0x8C, 0x01, 0x8C, 0x01, 0x8C, 0x01, 0x8C, 0x01, 0x8C, 0x01, 0x8C,
    0xFF, 0xE0, 0xFF, 0xE0, 0xFF, 0xE0, 0xFF, 0xE0, 0xFF, 0xE0, 0xFF, 0xE0, 0xFF, 0xE0, 0xFF, 0xE0,
    0xFF, 0xE0, 0xFF, 0xE0, 0xFF, 0xE0, 0xFF, 0xE0, 0xFF, 0xE0, 0xFF, 0xE0, 0xFF, 0xE0, 0xFF, 0xE0,
    0xFF, 0xE0, 0xFF, 0xE0, 0xFF, 0xE0, 0xFF, 0xE0, 0xFF, 0xE0, 0xFF, 0xE0, 0xFF, 0xE0, 0xFF, 0xE0,
    0xFF, 0xE0, 0xFF, 0xE0, 0xFF, 0xE0, 0xFF, 0xE0, 0xFF, 0xE0, 0xFF, 0xE0, 0xFF, 0xE0, 0xFF, 0xE0,
    0xFF, 0xE0, 0x9F, 0xFF, 0xE0, 0xFF, 0xE0, 0xFF, 0xE0, 0xFF, 0xE0, 0xFF, 0xE0, 0xFF, 0xE0, 0xFF,
    0xE0, 0xFF, 0xE0, 0xFF, 0xE0, 0xFF, 0xE0, 0xFF, 0xE0, 0xFF, 0xE0, 0xFF, 0xE0, 0xFF, 0xE0, 0xFF,
    0xE0, 0x5A, 0xC0, 0x04, 0x00, 0xC3, 0x6A, 0xA8, 0xF6, 0x32, 0xFE, 0x73, 0xFD, 0x99, 0xFC, 0xDF,
    0xFC, 0xDF, 0xFC, 0xDF, 0xFC, 0xDF, 0xFC, 0xDF, 0xFC, 0xDF, 0xFC, 0xDF, 0xFC, 0xDF, 0xFC, 0xDF,
    0xFC, 0xDF, 0xFC, 0xDF, 0xFC, 0xDF, 0xFC, 0xDF, 0xFC, 0xDF, 0xFC, 0xDF, 0xFC, 0xDF, 0xFC, 0xDF,
    0xFC, 0xDF, 0xFC, 0xDF, 0xFA, 0xB7, 0xF9, 0x72, 0xF9, 0xF4, 0xFC, 0x1D, 0xFC, 0xDF, 0xFC, 0xDF,
    0xFC, 0xDF, 0xFC, 0xDF, 0xFC, 0xDF, 0xCB, 0xD9, 0x10, 0x62, 0x02, 0x00, 0x95, 0x31, 0xA6, 0x9C,
    0xD3, 0x9C, 0xD3, 0x9C, 0xD3, 0x9C, 0xD3, 0x9C, 0xD3, 0x9C, 0xD3, 0x9C, 0xD3, 0x9C, 0xD3, 0x9C,
    0xD3, 0x84, 0x10, 0x04, 0x00, 0x9B, 0x7A, 0x4F, 0xFC, 0xFE, 0xFC, 0xDF, 0xFC, 0xDF, 0xFC, 0xDF,
    0xFC, 0xDF, 0xFC, 0xDF, 0xFC, 0xDF, 0xFC, 0xDF, 0xFC, 0xDF, 0xFD, 0x3C, 0xFE, 0x34, 0xFE, 0xD4,
    0xAC, 0x2C, 0x04, 0x00, 0x95, 0x21, 0x04, 0x73, 0xAE, 0x9C, 0xD3, 0x9C, 0xD3, 0x9C, 0xD3, 0x9C,
    0xD3, 0x9C, 0xD3, 0x9C, 0xD3, 0x9C, 0xD3, 0x9C, 0xD3, 0x63, 0x2C, 0x06, 0x00, 0xFF, 0x01, 0x6B,
    0x01, 0xAD, 0x01, 0x8C, 0x01, 0x8C, 0x01, 0x8C, 0x01, 0x8C, 0x01, 0x8C, 0x01, 0x8C, 0x01, 0x8C,
    0x01, 0x8C, 0x01, 0x8C, 0x01, 0x8C, 0x01, 0x8C, 0x01, 0x8C, 0x01, 0x8C, 0x01, 0x8C, 0x01, 0x8C,
    0x01, 0x8C, 0x01, 0x8C, 0x01, 0x8C, 0x01, 0x8C, 0x01, 0x8C, 0x01, 0x8C, 0x01, 0x8C, 0x01, 0x8C,
    0x01, 0x8C, 0x01, 0x8C, 0x01, 0x8C, 0x01, 0x8C, 0x01, 0x8C, 0x01, 0x8C, 0xFF, 0xE0, 0xFF, 0xE0,
    0xFF, 0xE0, 0xFF, 0xE0, 0xFF, 0xE0, 0xFF, 0xE0, 0xFF, 0xE0, 0xFF, 0xE0, 0xFF, 0xE0, 0xFF, 0xE0,
    0xFF, 0xE0, 0xFF, 0xE0, 0xFF, 0xE0, 0xFF, 0xE0, 0xFF, 0xE0, 0xFF, 0xE0, 0xFF, 0xE0, 0xFF, 0xE0,
    0xFF, 0xE0, 0xFF, 0xE0, 0xFF, 0xE0, 0xFF, 0xE0, 0xFF, 0xE0, 0xFF, 0xE0, 0xFF, 0xE0, 0xFF, 0xE0,
    0xFF, 0xE0, 0xFF, 0xE0, 0xFF, 0xE0, 0xDE, 0xC0, 0xDE, 0xC0, 0xDE, 0xC0, 0xDE, 0xC0, 0x9F, 0xDE,
    0xC0, 0xDE, 0xC0, 0xDE, 0xC0, 0xDE, 0xC0, 0xDE, 0xC0, 0xDE, 0xC0, 0xDE, 0xC0, 0xDE, 0xC0, 0xDE,
    0xC0, 0xFF, 0xE0, 0xFF, 0xE0, 0xFF, 0xE0, 0xFF, 0xE0, 0xFF, 0xE0, 0xFF, 0xE0, 0x5A, 0xC0, 0x04,
    0x00, 0xC3, 0x6A, 0xA8, 0xF6, 0x32, 0xFE, 0x73, 0xFD, 0x99, 0xFC, 0xDF, 0xFC, 0xDF, 0xFC, 0xDF,
    0xFC, 0xDF, 0xFC, 0xDF, 0xFC, 0xDF, 0xFC, 0xDF, 0xFC, 0xDF, 0xFC, 0xDF, 0xFC, 0xDF, 0xFC, 0xDF,
    0xFC, 0xDF, 0xFC, 0xDF, 0xFC, 0xDF, 0xFC, 0xDF, 0xFC, 0xDF, 0xFC, 0xDF, 0xFC, 0xDF, 0xFC, 0xDF,
    0xFA, 0xB7, 0xF8, 0xF0, 0xF9, 0x72, 0xFC, 0x1D, 0xFC, 0xDF, 0xFC, 0xDF, 0xFC, 0xDF, 0xFC, 0xDF,
    0xFC, 0xDF, 0xCB, 0xD9, 0x10, 0x62, 0x02, 0x00, 0xCF, 0x31, 0xA6, 0x9C, 0xD3, 0x9C, 0xD3, 0x9C,
    0xD3, 0x9C, 0xD3, 0x9C, 0xD3, 0x9C, 0xD3, 0x9C, 0xD3, 0x9C, 0xD3, 0x9C, 0xD3, 0x84, 0x10, 0x21,
    0x04, 0x10, 0xA2, 0x6A, 0x6D, 0xCB, 0xD9, 0xCB, 0xD9, 0xCB, 0xD9, 0xCB, 0xD9, 0xCB, 0xD9, 0xCB,
    0xD9, 0xCB, 0xD9, 0xCB, 0xD9, 0xCB, 0xD9, 0xDC, 0x78, 0xD5, 0x70, 0xEE, 0x32, 0x93, 0x8A, 0x00,
    0x63, 0x10, 0xA2, 0x31, 0xA6, 0x84, 0x10, 0x9C, 0xD3, 0x9C, 0xD3, 0x9C, 0xD3, 0x9C, 0xD3, 0x9C,
    0xD3, 0x9C, 0xD3, 0x9C, 0xD3, 0x9C, 0xD3, 0x63, 0x2C, 0x06, 0x00, 0xF9, 0x01, 0x6B, 0x01, 0xAD,
    0x01, 0x8C, 0x01, 0x8C, 0x01, 0x8C, 0x01, 0x8C, 0x01, 0x8C, 0x01, 0x8C, 0x01, 0x8C, 0x01, 0x8C,
    0x01, 0x8C, 0x01, 0x8C, 0x01, 0x8C, 0x01, 0x8C, 0x01, 0x8C, 0x01, 0x8C, 0x01, 0x8C, 0x01, 0x8C,
    0x01, 0x8C, 0x01, 0x8C, 0x01, 0x8C, 0x01, 0x8C, 0x01, 0x8C, 0x01, 0x8C, 0x01, 0x8C, 0x01, 0x8C,
    0x01, 0x8C, 0x01, 0x8C, 0x01, 0x8C, 0x01, 0x8C, 0x01, 0x8C, 0xFF, 0xE0, 0xFF, 0xE0, 0xFF, 0xE0,
    0xFF, 0xE0, 0xFF, 0xE0, 0xFF, 0xE0, 0xFF, 0xE0, 0xFF, 0xE0, 0xFF, 0xE0, 0xFF, 0xE0, 0xFF, 0xE0,
    0xFF, 0xE0, 0xFF, 0xE0, 0xFF, 0xE0, 0xFF, 0xE0, 0xFF, 0xE0, 0xFF, 0xE0, 0xFF, 0xE0, 0xFF, 0xE0,
    0xFF, 0xE0, 0xFF, 0xE0, 0xFF, 0xE0, 0xFF, 0xE0, 0xFF, 0xE0, 0xFF, 0xE0, 0xFF, 0xE0, 0xFF, 0xE0,
    0xFF, 0xE0, 0xFF, 0x60, 0x31, 0x80, 0x18, 0x00, 0x8D, 0xBD, 0xC0, 0xFF, 0xE0, 0xFF, 0xE0, 0xFF,
    0xE0, 0xFF, 0xE0, 0xFF, 0xE0, 0x5A, 0xC0, 0x04, 0x00, 0xC3, 0x6A, 0xA8, 0xF6, 0x32, 0xFE, 0x73,
    0xFD, 0x99, 0xFC, 0xDF, 0xFC, 0xDF, 0xFC, 0xDF, 0xFC, 0xDF, 0xFC, 0xDF, 0xFC, 0xDF, 0xFC, 0xDF,
    0xFC, 0xDF, 0xFC, 0xDF, 0xFC, 0xDF, 0xFC, 0xDF, 0xFC, 0xDF, 0xFC, 0xDF, 0xFC, 0xDF, 0xFC, 0xDF,
    0xFC, 0xDF, 0xFC, 0xDF, 0xFC, 0xDF, 0xFC, 0xDF, 0xFC, 0x1D, 0xFB, 0x9A, 0xFB, 0x9A, 0xFC, 0xDF,
    0xFC, 0xDF, 0xFC, 0xDF, 0xFC, 0xDF, 0xFC, 0xDF, 0xFC, 0xDF, 0xCB, 0xD9, 0x10, 0x62, 0x02, 0x00,
    0x9B, 0x31, 0xA6, 0x9C, 0xD3, 0x9C, 0xD3, 0x9C, 0xD3, 0x9C, 0xD3, 0x9C, 0xD3, 0x9C, 0xD3, 0x9C,
    0xD3, 0x9C, 0xD3, 0x9C, 0xD3, 0x9C, 0xD3, 0x9C, 0xD3, 0xA5, 0x34, 0x63, 0x2C, 0x18, 0x00, 0x9B,
    0x31, 0xA6, 0xA5, 0x34, 0x9C, 0xD3, 0x9C, 0xD3, 0x9C, 0xD3, 0x9C, 0xD3, 0x9C, 0xD3, 0x9C, 0xD3,
    0x9C, 0xD3, 0x9C, 0xD3, 0x9C, 0xD3, 0x9C, 0xD3, 0x9C, 0xD3, 0x63, 0x2C, 0x06, 0x00, 0xF9, 0x01,
    0x6B, 0x01, 0xAD, 0x01, 0x8C, 0x01, 0x8C, 0x01, 0x8C, 0x01, 0x8C, 0x01, 0x8C, 0x01, 0x8C, 0x01,
    0x8C, 0x01, 0x8C, 0x01, 0x8C, 0x01, 0x8C, 0x01, 0x8C, 0x01, 0x8C, 0x01, 0x8C, 0x01, 0x8C, 0x01,
    0x8C, 0x01, 0x8C, 0x01, 0x8C, 0x01, 0x8C, 0x01, 0x8C, 0x01, 0x8C, 0x01, 0x8C, 0x01, 0x8C, 0x01,
    0x8C, 0x01, 0x8C, 0x01, 0x8C, 0x01, 0x8C, 0x01, 0x8C, 0x01, 0x8C, 0x01, 0x8C, 0xFF, 0xE0, 0xFF,
    0xE0, 0xFF, 0xE0, 0xFF, 0xE0, 0xFF, 0xE0, 0xFF, 0xE0, 0xFF, 0xE0, 0xFF, 0xE0, 0xFF, 0xE0, 0xFF,
    0xE0, 0xFF, 0xE0, 0xFF, 0xE0, 0xFF, 0xE0, 0xFF, 0xE0, 0xFF, 0xE0, 0xFF, 0xE0, 0xFF, 0xE0, 0xFF,
    0xE0, 0xFF, 0xE0, 0xFF, 0xE0, 0xFF, 0xE0, 0xFF, 0xE0, 0xFF, 0xE0, 0xFF, 0xE0, 0xFF, 0xE0, 0xFF,
    0xE0, 0xFF, 0xE0, 0xFF, 0xE0, 0xFF, 0x60, 0x42, 0x21, 0x16, 0x00, 0x8F, 0x31, 0x80, 0xBD, 0xC0,
    0xFF, 0xE0, 0xFF, 0xE0, 0xFF, 0xE0, 0xFF, 0xE0, 0xFF, 0xE0, 0x5A, 0xC0, 0x04, 0x00, 0xC3, 0x6A,
    0xA8, 0xF6, 0x32, 0xFE, 0x73, 0xFD, 0x99, 0xFC, 0xDF, 0xFC, 0xDF, 0xFC, 0xDF, 0xFC, 0xDF, 0xFC,
    0xDF, 0xFC, 0xDF, 0xFC, 0xDF, 0xFC, 0xDF, 0xFC, 0xDF, 0xFC, 0xDF, 0xFC, 0xDF, 0xFC, 0xDF, 0xFC,
    0xDF, 0xFC, 0xDF, 0xFC, 0xDF, 0xFC, 0xDF, 0xFC, 0xDF, 0xFC, 0xDF, 0xFC, 0xDF, 0xFC, 0xDF, 0xFC,
    0xFE, 0xFC, 0xFE, 0xFC, 0xDF, 0xFC, 0xDF, 0xFC, 0xDF, 0xFC, 0xDF, 0xFC, 0xDF, 0xFC, 0xDF, 0xCB,
    0xD9, 0x10, 0x62, 0x02, 0x00, 0x9B, 0x31, 0xA6, 0x9C, 0xD3, 0x9C, 0xD3, 0x9C, 0xD3, 0x9C, 0xD3,
    0x9C, 0xD3, 0x9C, 0xD3, 0x9C, 0xD3, 0x9C, 0xD3, 0x9C, 0xD3, 0x9C, 0xD3, 0x9C, 0xD3, 0x9C, 0xD3,
    0x63, 0x2C, 0x18, 0x00, 0x9B, 0x31, 0xA6, 0x9C, 0xD3, 0x9C, 0xD3, 0x9C, 0xD3, 0x9C, 0xD3, 0x9C,
    0xD3, 0x9C, 0xD3, 0x9C, 0xD3, 0x9C, 0xD3, 0x9C, 0xD3, 0x9C, 0xD3, 0x9C, 0xD3, 0x9C, 0xD3, 0x63,
    0x2C, 0x06, 0x00, 0xFF, 0x01, 0x6B, 0x01, 0xAD, 0x01, 0x8C, 0x01, 0x8C, 0x01, 0x8C, 0x01, 0x8C,
    0x01, 0x8C, 0x01, 0x8C, 0x01, 0x8C, 0x01, 0x8C, 0x01, 0x8C, 0x01, 0x8C, 0x01, 0x8C, 0x01, 0x8C,
    0x01, 0x8C, 0x01, 0x8C, 0x01, 0x8C, 0x01, 0x8C, 0x01, 0x8C, 0x01, 0x8C, 0x01, 0x8C, 0x01, 0x8C,
    0x01, 0x8C, 0x01, 0x8C, 0x01, 0x8C, 0x01, 0x8C, 0x01, 0x8C, 0x01, 0x8C, 0x01, 0x8C, 0x01, 0x8C,
    0x01, 0x8C, 0xEF, 0xE0, 0xEF, 0xE0, 0xEF, 0xE0, 0xFF, 0xE0, 0xFF, 0xE0, 0xFF, 0xE0, 0xFF, 0xE0,
    0xFF, 0xE0, 0xFF, 0xE0, 0xFF, 0xE0, 0xFF, 0xE0, 0xFF, 0xE0, 0xFF, 0xE0, 0xFF, 0xE0, 0xFF, 0xE0,
    0xFF, 0xE0, 0xFF, 0xE0, 0xFF, 0xE0, 0xFF, 0xE0, 0xFF, 0xE0, 0xFF, 0xE0, 0xFF, 0xE0, 0xFF, 0xE0,
    0xFF, 0xE0, 0xFF, 0xE0, 0xFF, 0xE0, 0xDE, 0xC0, 0xDE, 0xC0, 0xDE, 0xC0, 0x42, 0x21, 0x00, 0x63,
    0x10, 0xA2, 0x10, 0xA2, 0x02, 0x00, 0x87, 0x10, 0xA2, 0x10, 0xA2, 0x10, 0xA2, 0x10, 0xA2, 0x06,
    0x00, 0x8F, 0x21, 0x20, 0xBD, 0xC0, 0xFF, 0x60, 0xDE, 0xC0, 0xDE, 0xC0, 0xDE, 0xC0, 0xFF, 0x60,
    0x5A, 0xC0, 0x04, 0x00, 0xC3, 0x6A, 0xA8, 0xF6, 0x32, 0xFE, 0x73, 0xFD, 0x99, 0xFC, 0xDF, 0xFC,
    0xDF, 0xFC, 0xDF, 0xFC, 0xDF, 0xFC, 0xDF, 0xFC, 0xDF, 0xFC, 0xDF, 0xFC, 0xDF, 0xFC, 0xDF, 0xFC,
    0xDF, 0xFC, 0xDF, 0xFC, 0xDF, 0xFC, 0xDF, 0xFC, 0xDF, 0xFC, 0xDF, 0xFC, 0xDF, 0xFC, 0xDF, 0xFC,
    0xDF, 0xFC, 0xDF, 0xFC, 0xDF, 0xFC, 0xDF, 0xFC, 0xDF, 0xFC, 0xDF, 0xFC, 0xDF, 0xFC, 0xDF, 0xFC,
    0xDF, 0xFC, 0xDF, 0xFC, 0xDF, 0xCB, 0xD9, 0x10, 0x62, 0x02, 0x00, 0x9D, 0x31, 0xA6, 0x9C, 0xD3,
    0x9C, 0xD3, 0x9C, 0xD3, 0x9C, 0xD3, 0x9C, 0xD3, 0x9C, 0xD3, 0x9C, 0xD3, 0x9C, 0xD3, 0x9C, 0xD3,
    0x9C, 0xD3, 0x9C, 0xD3, 0x9C, 0xD3, 0x63, 0x2C, 0x10, 0xA2, 0x02, 0x00, 0x81, 0x10, 0xA2, 0x02,
    0x00, 0x89, 0x10, 0xA2, 0x10, 0xA2, 0x10, 0xA2, 0x10, 0xA2, 0x10, 0xA2, 0x02, 0x00, 0x81, 0x10,
    0xA2, 0x02, 0x00, 0x9B, 0x31, 0xA6, 0x9C, 0xD3, 0x9C, 0xD3, 0x9C, 0xD3, 0x9C, 0xD3, 0x9C, 0xD3,
    0x9C, 0xD3, 0x9C, 0xD3, 0x9C, 0xD3, 0x9C, 0xD3, 0x9C, 0xD3, 0x9C, 0xD3, 0x9C, 0xD3, 0x63, 0x2C,
    0x06, 0x00, 0xFF, 0x01, 0x6B, 0x01, 0xAD, 0x01, 0x8C, 0x01, 0x8C, 0x01, 0x8C, 0x01, 0x8C, 0x01,
    0x8C, 0x01, 0x8C, 0x01, 0x8C, 0x01, 0x8C, 0x01, 0x8C, 0x01, 0x8C, 0x01, 0x8C, 0x01, 0x8C, 0x01,
    0x8C, 0x01, 0x8C, 0x01, 0x8C, 0x01, 0x8C, 0x01, 0x8C, 0x01, 0x8C, 0x01, 0x8C, 0x01, 0x8C, 0x01,
    0x8C, 0x01, 0x8C, 0x01, 0x8C, 0x01, 0x8C, 0x01, 0x8C, 0x01, 0x8C, 0x01, 0x8C, 0x01, 0x8C, 0x01,
    0x8C, 0x7F, 0xE0, 0x7F, 0xE0, 0x7F, 0xE0, 0xEF, 0xE0, 0xFF, 0xE0, 0xFF, 0xE0, 0xFF, 0xE0, 0xFF,
    0xE0, 0xFF, 0xE0, 0xFF, 0xE0, 0xFF, 0xE0, 0xFF, 0xE0, 0xFF, 0xE0, 0xFF, 0xE0, 0xFF, 0xE0, 0xFF,
    0xE0, 0xFF, 0xE0, 0xFF, 0xE0, 0xFF, 0xE0, 0xFF, 0xE0, 0xFF, 0xE0, 0xFF, 0xE0, 0xFF, 0xE0, 0xFF,
    0xE0, 0xFF, 0xE0, 0xD6, 0x80, 0x6B, 0x60, 0x6B, 0x60, 0x6B, 0x60, 0x63, 0x2C, 0x73, 0xAE, 0x73,
    0xAE, 0x73, 0xAE, 0x8B, 0x73, 0xAE, 0x73, 0xAE, 0x73, 0xAE, 0x73, 0xAE, 0x73, 0xAE, 0x52, 0xAA,
    0x04, 0x00, 0x8F, 0x10, 0xA2, 0x5A, 0xC0, 0x6B, 0x60, 0x6B, 0x60, 0x6B, 0x60, 0x6B, 0x60, 0x6B,
    0x60, 0x21, 0x20, 0x04, 0x00, 0xC3, 0x6A, 0xA8, 0xF6, 0x32, 0xFE, 0x73, 0xFD, 0x99, 0xFC, 0xDF,
    0xFC, 0xDF, 0xFC, 0xDF, 0xFC, 0xDF, 0xFC, 0xDF, 0xFC, 0xDF, 0xFC, 0xDF, 0xFC, 0xDF, 0xFC, 0xDF,
    0xFC, 0x1D, 0xFA, 0xB7, 0xFA, 0xB7, 0xFB, 0x9A, 0xFC, 0xDF, 0xFC, 0xDF, 0xFC, 0xDF, 0xFC, 0xDF,
    0xFC, 0xDF, 0xFC, 0xDF, 0xFC, 0xDF, 0xFC, 0xDF, 0xFC, 0xDF, 0xFC, 0xDF, 0xFC, 0xDF, 0xFC, 0xDF,
    0xFC, 0xDF, 0xFC, 0xDF, 0xFC, 0xDF, 0xCB, 0xD9, 0x10, 0x62, 0x02, 0x00, 0xCF, 0x31, 0xA6, 0x9C,
    0xD3, 0x9C, 0xD3, 0x9C, 0xD3, 0x9C, 0xD3, 0x9C, 0xD3, 0x9C, 0xD3, 0x9C, 0xD3, 0x9C, 0xD3, 0x9C,
    0xD3, 0x9C, 0xD3, 0x9C, 0xD3, 0x9C, 0xD3, 0x8C, 0x51, 0x73, 0xAE, 0x73, 0xAE, 0x73, 0xAE, 0x73,
    0xAE, 0x73, 0xAE, 0x73, 0xAE, 0x73, 0xAE, 0x73, 0xAE, 0x73, 0xAE, 0x73, 0xAE, 0x73, 0xAE, 0x73,
    0xAE, 0x84, 0x10, 0x9C, 0xD3, 0x9C, 0xD3, 0x9C, 0xD3, 0x9C, 0xD3, 0x9C, 0xD3, 0x9C, 0xD3, 0x9C,
    0xD3, 0x9C, 0xD3, 0x9C, 0xD3, 0x9C, 0xD3, 0x9C, 0xD3, 0x9C, 0xD3, 0x63, 0x2C, 0x06, 0x00, 0xF1,
    0x01, 0x6B, 0x01, 0xAD, 0x01, 0x8C, 0x01, 0x8C, 0x01, 0x8C, 0x01, 0x8C, 0x01, 0x8C, 0x01, 0x8C,
    0x01, 0x8C, 0x01, 0x8C, 0x01, 0x8C, 0x01, 0x8C, 0x01, 0x8C, 0x01, 0x8C, 0x01, 0x8C, 0x01, 0x8C,
    0x01, 0x8C, 0x01, 0x8C, 0x01, 0x8C, 0x01, 0x8C, 0x01, 0x8C, 0x01, 0x8C, 0x01, 0x8C, 0x01, 0x8C,
    0x01, 0x8C, 0x01, 0x8C, 0x01, 0x8C, 0x01, 0x8C, 0x01, 0x8C, 0x01, 0x8C, 0x01, 0x8C, 0x37, 0xE0,
    0x37, 0xE0, 0x37, 0xE0, 0xEF, 0xE0, 0xFF, 0xE0, 0xFF, 0xE0, 0xFF, 0xE0, 0xFF, 0xE0, 0xFF, 0xE0,
    0xFF, 0xE0, 0xFF, 0xE0, 0xFF, 0xE0, 0xFF, 0xE0, 0xFF, 0xE0, 0xFF, 0xE0, 0xFF, 0xE0, 0xFF, 0xE0,
    0xFF, 0xE0, 0xFF, 0xE0, 0xFF, 0xE0, 0xFF, 0xE0, 0xFF, 0xE0, 0xFF, 0xE0, 0xFF, 0xE0, 0xFF, 0xE0,
    0xBD, 0xC0, 0x06, 0x00, 0x93, 0x8C, 0x51, 0xA5, 0x34, 0xA5, 0x34, 0x9C, 0xD3, 0x9C, 0xD3, 0x9C,
    0xD3, 0x9C, 0xD3, 0x9C, 0xD3, 0xA5, 0x34, 0x63, 0x2C, 0x18, 0x00, 0xC3, 0x6A, 0xA8, 0xF6, 0x32,
    0xFE, 0x73, 0xFD, 0x99, 0xFC, 0xDF, 0xFC, 0xDF, 0xFC, 0xDF, 0xFC, 0xDF, 0xFC, 0xDF, 0xFC, 0xDF,
    0xFC, 0xDF, 0xFC, 0xDF, 0xFC, 0xDF, 0xFB, 0x9A, 0xF9, 0x72, 0xF9, 0x72, 0xFB, 0x38, 0xFC, 0xDF,
    0xFC, 0xDF, 0xFC, 0xDF, 0xFC, 0xDF, 0xFC, 0xDF, 0xFC, 0xDF, 0xFC, 0xDF, 0xFC, 0xDF, 0xFC, 0xDF,
    0xFC, 0xDF, 0xFC, 0xDF, 0xFC, 0xDF, 0xFC, 0xDF, 0xFC, 0xDF, 0xFC, 0xDF, 0xCB, 0xD9, 0x10, 0x62,
    0x02, 0x00, 0xCF, 0x31, 0xA6, 0x9C, 0xD3, 0x9C, 0xD3, 0x9C, 0xD3, 0x9C, 0xD3, 0x9C, 0xD3, 0x9C,
    0xD3, 0x9C, 0xD3, 0x9C, 0xD3, 0x9C, 0xD3, 0x9C, 0xD3, 0x9C, 0xD3, 0x9C, 0xD3, 0x9C, 0xD3, 0x9C,
    0xD3, 0x9C, 0xD3, 0x9C, 0xD3, 0x9C, 0xD3, 0x9C, 0xD3, 0x9C, 0xD3, 0x9C, 0xD3, 0x9C, 0xD3, 0x9C,
    0xD3, 0x9C, 0xD3, 0x9C, 0xD3, 0x9C, 0xD3, 0x9C, 0xD3, 0x9C, 0xD3, 0x9C, 0xD3, 0x9C, 0xD3, 0x9C,
    0xD3, 0x9C, 0xD3, 0x9C, 0xD3, 0x9C, 0xD3, 0x9C, 0xD3, 0x9C, 0xD3, 0x9C, 0xD3, 0x9C, 0xD3, 0x9C,
    0xD3, 0x63, 0x2C, 0x06, 0x00, 0xF1, 0x01, 0x6B, 0x01, 0x8C, 0x01, 0x8C, 0x01, 0x8C, 0x01, 0x8C,
    0x01, 0x8C, 0x01, 0x8C, 0x01, 0x8C, 0x01, 0x8C, 0x01, 0x8C, 0x01, 0x8C, 0x01, 0x8C, 0x01, 0x8C,
    0x01, 0x8C, 0x01, 0x8C, 0x01, 0x8C, 0x01, 0x8C, 0x01, 0x8C, 0x01, 0x8C, 0x01, 0x8C, 0x01, 0x8C,
    0x01, 0x8C, 0x01, 0x8C, 0x01, 0x8C, 0x01, 0x8C, 0x01, 0x8C, 0x01, 0x8C, 0x01, 0x8C, 0x01, 0x8C,
    0x01, 0x8C, 0x01, 0x8C, 0x37, 0xE0, 0x37, 0xE0, 0x37, 0xE0, 0xD7, 0xE0, 0xEF, 0xE0, 0xEF, 0xE0,
    0xEF, 0xE0, 0xEF, 0xE0, 0xEF, 0xE0, 0xEF, 0xE0, 0xEF, 0xE0, 0xEF, 0xE0, 0xEF, 0xE0, 0xEF, 0xE0,
    0xEF, 0xE0, 0xEF, 0xE0, 0xEF, 0xE0, 0xEF, 0xE0, 0xEF, 0xE0, 0xEF, 0xE0, 0xEF, 0xE0, 0xEF, 0xE0,
    0xEF, 0xE0, 0xEF, 0xE0, 0xEF, 0xE0, 0xBD, 0xC0, 0x06, 0x00, 0x93, 0x73, 0xAE, 0x8C, 0x51, 0x8C,
    0x51, 0x9C, 0xD3, 0x9C, 0xD3, 0x9C, 0xD3, 0x9C, 0xD3, 0x9C, 0xD3, 0x9C, 0xD3, 0x63, 0x2C, 0x18,
    0x00, 0xC3, 0x6A, 0xA8, 0xF6, 0x32, 0xFE, 0x73, 0xFD, 0x99, 0xFC, 0xDF, 0xFC, 0xDF, 0xFC, 0xDF,
    0xFC, 0xDF, 0xFC, 0xDF, 0xFC, 0xDF, 0xFC, 0xDF, 0xFC, 0xDF, 0xFC, 0xDF, 0xFB, 0x9A, 0xF9, 0x72,
    0xF8, 0xF0, 0xFB, 0x38, 0xFC, 0xDF, 0xFC, 0xDF, 0xFC, 0xDF, 0xFC, 0xDF, 0xFC, 0xDF, 0xFC, 0xDF,
    0xFC, 0xDF, 0xFC, 0xDF, 0xFC, 0xDF, 0xFC, 0xDF, 0xFC, 0xFE, 0xFC, 0xFE, 0xFC, 0xFE, 0xFC, 0xFE,
    0xFD, 0x7F, 0xCB, 0xD9, 0x10, 0x62, 0x02, 0x00, 0xCF, 0x31, 0xA6, 0x9C, 0xD3, 0x9C, 0xD3, 0x9C,
    0xD3, 0x9C, 0xD3, 0x9C, 0xD3, 0x9C, 0xD3, 0x9C, 0xD3, 0x9C, 0xD3, 0x9C, 0xD3, 0x9C, 0xD3, 0x9C,
    0xD3, 0x9C, 0xD3, 0x9C, 0xD3, 0x9C, 0xD3, 0x9C, 0xD3, 0x9C, 0xD3, 0x9C, 0xD3, 0x9C, 0xD3, 0x9C,
    0xD3, 0x9C, 0xD3, 0x9C, 0xD3, 0x9C, 0xD3, 0x9C, 0xD3, 0x9C, 0xD3, 0x9C, 0xD3, 0x9C, 0xD3, 0x9C,
    0xD3, 0x9C, 0xD3, 0x9C, 0xD3, 0x9C, 0xD3, 0x9C, 0xD3, 0x9C, 0xD3, 0x9C, 0xD3, 0x9C, 0xD3, 0x9C,
    0xD3, 0x9C, 0xD3, 0x9C, 0xD3, 0x9C, 0xD3, 0x63, 0x2C, 0x06, 0x00, 0xF1, 0x01, 0x8C, 0x01, 0x8D,
    0x01, 0xAD, 0x01, 0x8C, 0x01, 0x8C, 0x01, 0x8C, 0x01, 0x8C, 0x01, 0x8C, 0x01, 0x8C, 0x01, 0x8C,
    0x01, 0x8C, 0x01, 0x8C, 0x01, 0x8C, 0x01, 0x8C, 0x01, 0x8C, 0x01, 0x8C, 0x01, 0x8C, 0x01, 0x8C,
    0x01, 0x8C, 0x01, 0x8C, 0x01, 0x8C, 0x01, 0x8C, 0x01, 0x8C, 0x01, 0x8C, 0x01, 0x8C, 0x01, 0x8C,
    0x01, 0x8C, 0x01, 0x8C, 0x01, 0x8C, 0x01, 0x8C, 0x01, 0x8C, 0x37, 0xE0, 0x37, 0xE0, 0x37, 0xE0,
    0x57, 0xE0, 0x57, 0xE0, 0x57, 0xE0, 0x57, 0xE0, 0x57, 0xE0, 0x57, 0xE0, 0x57, 0xE0, 0x57, 0xE0,
    0x57, 0xE0, 0x57, 0xE0, 0x57, 0xE0, 0x57, 0xE0, 0x57, 0xE0, 0x57, 0xE0, 0x57, 0xE0, 0x57, 0xE0,
    0x57, 0xE0, 0x57, 0xE0, 0x57, 0xE0, 0x57, 0xE0, 0x57, 0xE0, 0x57, 0xE0, 0x3D, 0xE0, 0x06, 0x00,
    0xA1, 0x21, 0x04, 0x21, 0x04, 0x31, 0xA6, 0x8C, 0x51, 0x9C, 0xD3, 0x9C, 0xD3, 0x9C, 0xD3, 0x9C,
    0xD3, 0x9C, 0xD3, 0x9C, 0xD3, 0x8C, 0x51, 0x8C, 0x51, 0x9C, 0xD3, 0x8C, 0x51, 0x9C, 0xD3, 0x73,
    0xAE, 0x21, 0x04, 0x0A, 0x00, 0xFF, 0x6A, 0xA8, 0xF6, 0x32, 0xFE, 0x73, 0xFD, 0x99, 0xFC, 0xDF,
    0xFC, 0xDF, 0xFC, 0xDF, 0xFC, 0xDF, 0xFC, 0xDF, 0xFC, 0xDF, 0xFC, 0xDF, 0xFC, 0xDF, 0xFC, 0xDF,
    0xFC, 0x1D, 0xFB, 0x38, 0xFA, 0xB7, 0xFB, 0x9A, 0xFC, 0xDF, 0xFC, 0xDF, 0xFC, 0xDF, 0xFC, 0xDF,
    0xFC, 0xDF, 0xFC, 0xDF, 0xFC, 0xDF, 0xFC, 0xDF, 0xFC, 0xDF, 0xFB, 0x9A, 0xFB, 0x9A, 0xFB, 0x9A,
    0xCB, 0x36, 0x92, 0xD2, 0x92, 0xD2, 0x7A, 0x4F, 0x4A, 0x49, 0x42, 0x08, 0x52, 0xAA, 0x9C, 0xD3,
    0x9C, 0xD3, 0x9C, 0xD3, 0x9C, 0xD3, 0x9C, 0xD3, 0x9C, 0xD3, 0x9C, 0xD3, 0x9C, 0xD3, 0x9C, 0xD3,
    0x9C, 0xD3, 0x9C, 0xD3, 0x9C, 0xD3, 0x9C, 0xD3, 0x9C, 0xD3, 0x9C, 0xD3, 0x9C, 0xD3, 0x9C, 0xD3,
    0x9C, 0xD3, 0x9C, 0xD3, 0x9C, 0xD3, 0x9C, 0xD3, 0x9C, 0xD3, 0x9C, 0xD3, 0x9C, 0xD3, 0x9C, 0xD3,
    0x9C, 0xD3, 0x9C, 0xD3, 0x9C, 0xD3, 0xFF, 0x9C, 0xD3, 0x9C, 0xD3, 0x9C, 0xD3, 0x9C, 0xD3, 0x9C,
    0xD3, 0x9C, 0xD3, 0x9C, 0xD3, 0x9C, 0xD3, 0x9C, 0xD3, 0x9C, 0xD3, 0x73, 0xAE, 0x4A, 0x49, 0x4A,
    0x49, 0x42, 0x08, 0x00, 0xC6, 0x00, 0xC7, 0x00, 0xC7, 0x01, 0x8C, 0x01, 0xAD, 0x01, 0x8C, 0x01,
    0x8C, 0x01, 0x8C, 0x01, 0x8C, 0x01, 0x8C, 0x01, 0x8C, 0x01, 0x8C, 0x01, 0x8C, 0x01, 0x8C, 0x01,
    0x8C, 0x01, 0x8C, 0x01, 0x8C, 0x01, 0x8C, 0x01, 0x8C, 0x01, 0x8C, 0x01, 0x8C, 0x01, 0x8C, 0x01,
    0x8C, 0x01, 0x8C, 0x01, 0x8C, 0x01, 0x8C, 0x01, 0x8C, 0x01, 0x8C, 0x01, 0x8C, 0x01, 0x8C, 0x01,
    0x8C, 0x37, 0xE0, 0x37, 0xE0, 0x37, 0xE0, 0x37, 0xE0, 0x37, 0xE0, 0x37, 0xE0, 0x37, 0xE0, 0x37,
    0xE0, 0x37, 0xE0, 0x37, 0xE0, 0x37, 0xE0, 0x37, 0xE0, 0x37, 0xE0, 0x37, 0xE0, 0x37, 0xE0, 0x37,
    0xE0, 0x37, 0xE0, 0x37, 0xE0, 0x37, 0xE0, 0x8D, 0x37, 0xE0, 0x37, 0xE0, 0x37, 0xE0, 0x37, 0xE0,
    0x37, 0xE0, 0x37, 0xE0, 0x3D, 0xE0, 0x0A, 0x00, 0x9D, 0x10, 0xA2, 0x8C, 0x51, 0x9C, 0xD3, 0x9C,
    0xD3, 0x9C, 0xD3, 0x9C, 0xD3, 0x9C, 0xD3, 0x9C, 0xD3, 0x9C, 0xD3, 0x9C, 0xD3, 0x9C, 0xD3, 0x9C,
    0xD3, 0x9C, 0xD3, 0x73, 0xAE, 0x21, 0x04, 0x0A, 0x00, 0xBB, 0x6A, 0xA8, 0xF6, 0x32, 0xFE, 0x73,
    0xFD, 0x99, 0xFC, 0xDF, 0xFC, 0xDF, 0xFC, 0xDF, 0xFC, 0xDF, 0xFC, 0xDF, 0xFC, 0xDF, 0xFC, 0xDF,
    0xFC, 0xDF, 0xFC, 0xDF, 0xFC, 0xDF, 0xFC, 0xFE, 0xFC, 0xFE, 0xFC, 0xDF, 0xFC, 0xDF, 0xFC, 0xDF,
    0xFC, 0xDF, 0xFC, 0xDF, 0xFC, 0xDF, 0xFC, 0xDF, 0xFC, 0xDF, 0xFC, 0xDF, 0xFC, 0xDF, 0xF9, 0xF4,
    0xF9, 0x72, 0xF9, 0x72, 0x88, 0xAA, 0x06, 0x00, 0xDB, 0x9C, 0xD3, 0xA5, 0x34, 0xA5, 0x34, 0x9C,
    0xD3, 0x9C, 0xD3, 0x9C, 0xD3, 0x9C, 0xD3, 0x9C, 0xD3, 0x9C, 0xD3, 0x9C, 0xD3, 0x9C, 0xD3, 0x9C,
    0xD3, 0x9C, 0xD3, 0x9C, 0xD3, 0x9C, 0xD3, 0x9C, 0xD3, 0x9C, 0xD3, 0x9C, 0xD3, 0x9C, 0xD3, 0x9C,
    0xD3, 0x9C, 0xD3, 0x9C, 0xD3, 0x9C, 0xD3, 0x9C, 0xD3, 0x9C, 0xD3, 0x9C, 0xD3, 0x9C, 0xD3, 0x9C,
    0xD3, 0x9C, 0xD3, 0x9C, 0xD3, 0x9C, 0xD3, 0x9C, 0xD3, 0x9C, 0xD3, 0x9C, 0xD3, 0x9C, 0xD3, 0x9C,
    0xD3, 0x9C, 0xD3, 0x9C, 0xD3, 0x9C, 0xD3, 0x9C, 0xD3, 0x9C, 0xD3, 0x9C, 0xD3, 0xA5, 0x34, 0xA5,
    0x34, 0x9C, 0xD3, 0x10, 0xA2, 0x03, 0x00, 0xEC, 0x63, 0x01, 0x6B, 0x01, 0xAD, 0x01, 0x8C, 0x01,
    0x8C, 0x01, 0x8C, 0x01, 0x8C, 0x01, 0x8C, 0x01, 0x8C, 0x01, 0x8C, 0x01, 0x8C, 0x01, 0x8C, 0x01,
    0x8C, 0x01, 0x8C, 0x01, 0x8C, 0x01, 0x8C, 0x01, 0x8C, 0x01, 0x8C, 0x01, 0x8C, 0x01, 0x8C, 0x01,
    0x8C, 0x01, 0x8C, 0x01, 0x8C, 0x01, 0x8C, 0x01, 0x8C, 0x01, 0x8C, 0x01, 0x8C, 0x01, 0x8C, 0x01,
    0x8C, 0x37, 0xE0, 0x37, 0xE0, 0x37, 0xE0, 0x37, 0xE0, 0x37, 0xE0, 0x37, 0xE0, 0x37, 0xE0, 0x37,
    0xE0, 0x37, 0xE0, 0x37, 0xE0, 0x37, 0xE0, 0x37, 0xE0, 0x37, 0xE0, 0x37, 0xE0, 0x37, 0xE0, 0x37,
    0xE0, 0x37, 0xE0, 0x37, 0xE0, 0x37, 0xE0, 0x37, 0xE0, 0x37, 0xE0, 0x37, 0xE0, 0x37, 0xE0, 0x37,
    0xE0, 0x37, 0xE0, 0x3D, 0xE0, 0x0A, 0x00, 0x9D, 0x10, 0x62, 0x9C, 0xD3, 0xA5, 0x34, 0xA5, 0x34,
    0xA5, 0x34, 0xA5, 0x34, 0xA5, 0x34, 0xA5, 0x34, 0xA5, 0x34, 0xA5, 0x34, 0xA5, 0x34, 0xA5, 0x34,
    0xA5, 0x34, 0x84, 0x10, 0x21, 0x04, 0x0A, 0x00, 0xBB, 0x6A, 0xA8, 0xF6, 0x32, 0xFE, 0x73, 0xFD,
    0x99, 0xFC, 0xDF, 0xFC, 0xDF, 0xFC, 0xDF, 0xFC, 0xDF, 0xFC, 0xDF, 0xFC, 0xDF, 0xFC, 0xDF, 0xFC,
    0xDF, 0xFC, 0xDF, 0xFC, 0xDF, 0xFC, 0xDF, 0xFC, 0xDF, 0xFC, 0xDF, 0xFC, 0xDF, 0xFC, 0xDF, 0xFC,
    0xDF, 0xFC, 0xDF, 0xFC, 0xDF, 0xFC, 0xDF, 0xFC, 0xDF, 0xFC, 0xDF, 0xFC, 0xDF, 0xF9, 0xF4, 0xF9,
    0x72, 0xF9, 0xF4, 0x88, 0xAA, 0x04, 0x00, 0xDD, 0x10, 0xA2, 0x8C, 0x51, 0x9C, 0xD3, 0x9C, 0xD3,
    0x9C, 0xD3, 0x9C, 0xD3, 0x9C, 0xD3, 0x9C, 0xD3, 0x9C, 0xD3, 0x9C, 0xD3, 0x9C, 0xD3, 0x8C, 0x51,
    0x9C, 0xD3, 0x9C, 0xD3, 0xA5, 0x34, 0xA5, 0x34, 0x9C, 0xD3, 0x9C, 0xD3, 0x9C, 0xD3, 0x9C, 0xD3,
    0x9C, 0xD3, 0x9C, 0xD3, 0x9C, 0xD3, 0x9C, 0xD3, 0x9C, 0xD3, 0x9C, 0xD3, 0x9C, 0xD3, 0x9C, 0xD3,
    0x9C, 0xD3, 0x9C, 0xD3, 0x9C, 0xD3, 0x9C, 0xD3, 0x9C, 0xD3, 0x9C, 0xD3, 0x8C, 0x51, 0x8C, 0x51,
    0x9C, 0xD3, 0xA5, 0x34, 0xA5, 0x34, 0x9C, 0xD3, 0x9C, 0xD3, 0x9C, 0xD3, 0x9C, 0xD3, 0x9C, 0xD3,
    0x9C, 0xD3, 0x8C, 0x51, 0x10, 0xA2, 0x03, 0x00, 0xFF, 0x63, 0x01, 0x6B, 0x01, 0xAD, 0x01, 0x8C,
    0x01, 0x8C, 0x01, 0x8C, 0x01, 0x8C, 0x01, 0x8C, 0x01, 0x8C, 0x01, 0x8C, 0x01, 0x8C, 0x01, 0x8C,
    0x01, 0x8C, 0x01, 0x8C, 0x01, 0x8C, 0x01, 0x8C, 0x01, 0x8C, 0x01, 0x8C, 0x01, 0x8C, 0x01, 0x8C,
    0x01, 0x8C, 0x01, 0x8C, 0x01, 0x8C, 0x01, 0x8C, 0x01, 0x8C, 0x01, 0x8C, 0x01, 0x8C, 0x01, 0x8C,
    0x01, 0x8C, 0x37, 0xE0, 0x37, 0xE0, 0x37, 0xE0, 0x37, 0xE0, 0x37, 0xE0, 0x37, 0xE0, 0x37, 0xE0,
    0x37, 0xE0, 0x37, 0xE0, 0x37, 0xE0, 0x37, 0xE0, 0x37, 0xE0, 0x37, 0xE0, 0x37, 0xE0, 0x37, 0xE0,
    0x37, 0xE0, 0x37, 0xE0, 0x37, 0xE0, 0x37, 0xE0, 0x37, 0xE0, 0x37, 0xE0, 0x37, 0xE0, 0x37, 0xE0,
    0x37, 0xE0, 0x37, 0xE0, 0x2E, 0xC0, 0x1C, 0x20, 0x1C, 0x20, 0x1C, 0x20, 0x1C, 0x20, 0x1C, 0x20,
    0x1C, 0x20, 0x4A, 0x49, 0x52, 0xAA, 0x4A, 0x49, 0x4A, 0x9A, 0x49, 0x4A, 0x49, 0x4A, 0x49, 0x4A,
    0x49, 0x4A, 0x49, 0x4A, 0x49, 0x4A, 0x49, 0x4A, 0x49, 0x4A, 0x49, 0x4A, 0x49, 0x52, 0xAA, 0x52,
    0xAA, 0x52, 0xAA, 0x21, 0x04, 0x04, 0x00, 0xBB, 0x6A, 0xA8, 0xF6, 0x32, 0xFE, 0x73, 0xFD, 0x99,
    0xFC, 0xDF, 0xFC, 0xDF, 0xFC, 0xDF, 0xFC, 0xDF, 0xFC, 0xDF, 0xFC, 0xDF, 0xFC, 0xDF, 0xFC, 0xDF,
    0xFC, 0xDF, 0xFC, 0xDF, 0xFC, 0xDF, 0xFC, 0xDF, 0xFC, 0xDF, 0xFC, 0xDF, 0xFC, 0xDF, 0xFC, 0xDF,
    0xFC, 0xDF, 0xFC, 0xDF, 0xFC, 0xDF, 0xFC, 0xDF, 0xFC, 0xDF, 0xFC, 0xDF, 0xFA, 0xB7, 0xF9, 0x72,
    0xF9, 0xF4, 0x88, 0xAA, 0x04, 0x00, 0xDD, 0x10, 0xA2, 0x9C, 0xD3, 0x9C, 0xD3, 0x9C, 0xD3, 0x9C,
    0xD3, 0x9C, 0xD3, 0x9C, 0xD3, 0x9C, 0xD3, 0x9C, 0xD3, 0x9C, 0xD3, 0xB5, 0xB6, 0xCE, 0x79, 0xCE,
    0x79, 0xB5, 0xB6, 0x52, 0xAA, 0x4A, 0x49, 0x63, 0x2C, 0x9C, 0xD3, 0x9C, 0xD3, 0x9C, 0xD3, 0x9C,
    0xD3, 0x9C, 0xD3, 0x9C, 0xD3, 0x9C, 0xD3, 0x9C, 0xD3, 0x9C, 0xD3, 0x9C, 0xD3, 0x9C, 0xD3, 0x9C,
    0xD3, 0x9C, 0xD3, 0x9C, 0xD3, 0x9C, 0xD3, 0xA5, 0x34, 0xCE, 0x79, 0xCE, 0x79, 0xCE, 0x79, 0x84,
    0x10, 0x4A, 0x49, 0x4A, 0x49, 0x84, 0x10, 0x9C, 0xD3, 0x9C, 0xD3, 0x9C, 0xD3, 0x9C, 0xD3, 0x9C,
    0xD3, 0x8C, 0x51, 0x10, 0xA2, 0x03, 0x00, 0xF8, 0x63, 0x01, 0x6B, 0x01, 0xAD, 0x01, 0x8C, 0x01,
    0x8C, 0x01, 0x8C, 0x01, 0x8C, 0x01, 0x8C, 0x01, 0x8C, 0x01, 0x8C, 0x01, 0x8C, 0x01, 0x8C, 0x01,
    0x8C, 0x01, 0x8C, 0x01, 0x8C, 0x01, 0x8C, 0x01, 0x8C, 0x01, 0x8C, 0x01, 0x8C, 0x01, 0x8C, 0x01,
    0x8C, 0x01, 0x8C, 0x01, 0x8C, 0x01, 0x8C, 0x01, 0x8C, 0x01, 0x8C, 0x01, 0x8C, 0x01, 0x8C, 0x01,
    0x8C, 0x37, 0xE0, 0x37, 0xE0, 0x37, 0xE0, 0x37, 0xE0, 0x37, 0xE0, 0x37, 0xE0, 0x37, 0xE0, 0x37,
    0xE0, 0x37, 0xE0, 0x37, 0xE0, 0x37, 0xE0, 0x37, 0xE0, 0x37, 0xE0, 0x37, 0xE0, 0x37, 0xE0, 0x37,
    0xE0, 0x37, 0xE0, 0x37, 0xE0, 0x37, 0xE0, 0x37, 0xE0, 0x37, 0xE0, 0x37, 0xE0, 0x37, 0xE0, 0x37,
    0xE0, 0x37, 0xE0, 0x37, 0xE0, 0x37, 0xE0, 0x37, 0xE0, 0x37, 0xE0, 0x37, 0xE0, 0x37, 0xE0, 0x37,
    0xE0, 0x18, 0x00, 0x89, 0x21, 0x04, 0x8C, 0x51, 0xA5, 0x34, 0xA5, 0x34, 0x31, 0xA6, 0x04, 0x00,
    0xBB, 0x6A, 0xA8, 0xF6, 0x32, 0xFE, 0x73, 0xFD, 0x99, 0xFC, 0xDF, 0xFC, 0xDF, 0xFC, 0x9F, 0xF9,
    0xF4, 0xF9, 0xF4, 0xF9, 0xF4, 0xFB, 0x9A, 0xFC, 0xDF, 0xFC, 0xDF, 0xFC, 0xDF, 0xFC, 0xDF, 0xFC,
    0xDF, 0xFC, 0xDF, 0xFC, 0xDF, 0xFC, 0xDF, 0xFC, 0xDF, 0xFC, 0xDF, 0xFC, 0xDF, 0xFC, 0xDF, 0xFC,
    0xDF, 0xFC, 0xDF, 0xFC, 0xDF, 0xFC, 0x9F, 0xFC, 0x1D, 0xFC, 0xDF, 0x92, 0xD2, 0x04, 0x00, 0x95,
    0x10, 0xA2, 0x9C, 0xD3, 0x9C, 0xD3, 0x9C, 0xD3, 0x9C, 0xD3, 0x9C, 0xD3, 0x9C, 0xD3, 0x9C, 0xD3,
    0x9C, 0xD3, 0x8C, 0x51, 0xCE, 0x79, 0x04, 0xFF, 0x81, 0xCE, 0x79, 0x04, 0x00, 0xA3, 0x42, 0x08,
    0x9C, 0xD3, 0x9C, 0xD3, 0x9C, 0xD3, 0x9C, 0xD3, 0x9C, 0xD3, 0x9C, 0xD3, 0x9C, 0xD3, 0x9C, 0xD3,
    0x9C, 0xD3, 0x9C, 0xD3, 0x9C, 0xD3, 0x9C, 0xD3, 0x9C, 0xD3, 0x9C, 0xD3, 0x9C, 0xD3, 0xA5, 0x34,
    0xE7, 0x5D, 0x04, 0xFF, 0x81, 0x73, 0xAE, 0x04, 0x00, 0x8F, 0x63, 0x2C, 0xA5, 0x34, 0x9C, 0xD3,
    0x9C, 0xD3, 0x9C, 0xD3, 0x9C, 0xD3, 0x8C, 0x51, 0x10, 0xA2, 0x03, 0x00, 0xF8, 0x63, 0x01, 0x6B,
    0x01, 0xAD, 0x01, 0x8C, 0x01, 0x8C, 0x01, 0x8C, 0x01, 0x8C, 0x01, 0x8C, 0x01, 0x8C, 0x01, 0x8C,
    0x01, 0x8C, 0x01, 0x8C, 0x01, 0x8C, 0x01, 0x8C, 0x01, 0x8C, 0x01, 0x8C, 0x01, 0x8C, 0x01, 0x8C,
    0x01, 0x8C, 0x01, 0x8C, 0x01, 0x8C, 0x01, 0x8C, 0x01, 0x8C, 0x01, 0x8C, 0x01, 0x8C, 0x01, 0x8C,
    0x01, 0x8C, 0x01, 0x8C, 0x01, 0x8C, 0x37, 0xE0, 0x37, 0xE0, 0x37, 0xE0, 0x37, 0xE0, 0x37, 0xE0,
    0x37, 0xE0, 0x37, 0xE0, 0x37, 0xE0, 0x37, 0xE0, 0x37, 0xE0, 0x37, 0xE0, 0x37, 0xE0, 0x37, 0xE0,
    0x37, 0xE0, 0x37, 0xE0, 0x37, 0xE0, 0x37, 0xE0, 0x37, 0xE0, 0x37, 0xE0, 0x37, 0xE0, 0x37, 0xE0,
    0x37, 0xE0, 0x37, 0xE0, 0x37, 0xE0, 0x37, 0xE0, 0x37, 0xE0, 0x37, 0xE0, 0x37, 0xE0, 0x37, 0xE0,
    0x37, 0xE0, 0x37, 0xE0, 0x2E, 0xC0, 0x18, 0x00, 0x89, 0x31, 0xA6, 0x8C, 0x51, 0x9C, 0xD3, 0xA5,
    0x34, 0x31, 0xA6, 0x04, 0x00, 0xBB, 0x6A, 0xA8, 0xF6, 0x32, 0xFE, 0x73, 0xFD, 0x99, 0xFC, 0xDF,
    0xFC, 0xDF, 0xFC, 0x1D, 0xF9, 0x72, 0xF9, 0x72, 0xF9, 0x72, 0xFB, 0x9A, 0xFC, 0xDF, 0xFC, 0xDF,
    0xFC, 0xDF, 0xFC, 0xDF, 0xFC, 0xDF, 0xFC, 0xDF, 0xFC, 0xDF, 0xFC, 0xDF, 0xFC, 0xDF, 0xFC, 0xDF,
    0xFC, 0xDF, 0xFC, 0xDF, 0xFC, 0xDF, 0xFC, 0xDF, 0xFC, 0xDF, 0xFC, 0xDF, 0xFC, 0xDF, 0xFC, 0xDF,
    0x92, 0xD2, 0x04, 0x00, 0x95, 0x10, 0xA2, 0x9C, 0xD3, 0x9C, 0xD3, 0x9C, 0xD3, 0x9C, 0xD3, 0x9C,
    0xD3, 0x9C, 0xD3, 0x9C, 0xD3, 0x9C, 0xD3, 0x8C, 0x51, 0xCE, 0x79, 0x04, 0xFF, 0x83, 0xCE, 0x79,
    0x10, 0xA2, 0x02, 0x00, 0xA3, 0x4A, 0x49, 0x9C, 0xD3, 0x9C, 0xD3, 0x9C, 0xD3, 0x9C, 0xD3, 0x9C,
    0xD3, 0x9C, 0xD3, 0x9C, 0xD3, 0x9C, 0xD3, 0x9C, 0xD3, 0x9C, 0xD3, 0x9C, 0xD3, 0x9C, 0xD3, 0x9C,
    0xD3, 0x9C, 0xD3, 0x9C, 0xD3, 0xA5, 0x34, 0xE7, 0x5D, 0x04, 0xFF, 0x81, 0x73, 0xAE, 0x04, 0x00,
    0x8F, 0x63, 0x2C, 0xA5, 0x34, 0x9C, 0xD3, 0x9C, 0xD3, 0x9C, 0xD3, 0x9C, 0xD3, 0x8C, 0x51, 0x10,
    0xA2, 0x03, 0x00, 0xFF, 0x63, 0x01, 0x6B, 0x01, 0xAD, 0x01, 0x8C, 0x01, 0x8C, 0x01, 0x8C, 0x01,
    0x8C, 0x01, 0x8C, 0x01, 0x8C, 0x01, 0x8C, 0x01, 0x8C, 0x01, 0x8C, 0x01, 0x8C, 0x01, 0x8C, 0x01,
    0x8C, 0x01, 0x8C, 0x01, 0x8C, 0x01, 0x8C, 0x01, 0x8C, 0x01, 0x8C, 0x01, 0x8C, 0x01, 0x8C, 0x01,
    0x8C, 0x01, 0x8C, 0x01, 0x8C, 0x01, 0x8C, 0x01, 0x8C, 0x01, 0x8C, 0x01, 0x8C, 0x37, 0xE0, 0x37,
    0xE0, 0x37, 0xE0, 0x37, 0xE0, 0x37, 0xE0, 0x37, 0xE0, 0x37, 0xE0, 0x37, 0xE0, 0x37, 0xE0, 0x37,
    0xE0, 0x37, 0xE0, 0x37, 0xE0, 0x37, 0xE0, 0x37, 0xE0, 0x37, 0xE0, 0x37, 0xE0, 0x37, 0xE0, 0x37,
    0xE0, 0x37, 0xE0, 0x37, 0xE0, 0x37, 0xE0, 0x37, 0xE0, 0x37, 0xE0, 0x37, 0xE0, 0x37, 0xE0, 0x37,
    0xE0, 0x37, 0xE0, 0x37, 0xE0, 0x37, 0xE0, 0x37, 0xE0, 0x37, 0xE0, 0x57, 0xE0, 0x13, 0x20, 0x13,
    0x20, 0x13, 0x20, 0x13, 0x8E, 0x20, 0x13, 0x20, 0x13, 0x20, 0x13, 0x20, 0x13, 0x20, 0x13, 0x20,
    0x13, 0x20, 0x00, 0xC0, 0x02, 0x00, 0x89, 0x21, 0x04, 0x63, 0x2C, 0x84, 0x10, 0x84, 0x10, 0x21,
    0x04, 0x04, 0x00, 0xBB, 0x6A, 0xA8, 0xF6, 0x32, 0xFE, 0x73, 0xFD, 0x99, 0xFC, 0xDF, 0xFC, 0xDF,
    0xFC, 0x1D, 0xF9, 0x72, 0xF9, 0x72, 0xF9, 0x72, 0xFB, 0x9A, 0xFC, 0xDF, 0xFC, 0xDF, 0xFC, 0xDF,
    0xFC, 0xDF, 0xFC, 0xDF, 0xFC, 0xDF, 0xFC, 0xDF, 0xFC, 0xDF, 0xFC, 0xDF, 0xFC, 0xDF, 0xFC, 0xDF,
    0xFC, 0xDF, 0xFC, 0xDF, 0xFC, 0xDF, 0xFC, 0xDF, 0xFC, 0xDF, 0xFC, 0xDF, 0xFC, 0xDF, 0x92, 0xD2,
    0x04, 0x00, 0x9D, 0x10, 0xA2, 0x9C, 0xD3, 0x9C, 0xD3, 0x9C, 0xD3, 0x9C, 0xD3, 0x9C, 0xD3, 0x9C,
    0xD3, 0x9C, 0xD3, 0x9C, 0xD3, 0x9C, 0xD3, 0xB5, 0xB6, 0xB5, 0xB6, 0xB5, 0xB6, 0x9C, 0xD3, 0x10,
    0xA2, 0x02, 0x00, 0xA9, 0x4A, 0x49, 0x9C, 0xD3, 0x9C, 0xD3, 0x9C, 0xD3, 0x9C, 0xD3, 0x9C, 0xD3,
    0x9C, 0xD3, 0x9C, 0xD3, 0x9C, 0xD3, 0x9C, 0xD3, 0x84, 0x10, 0x73, 0xAE, 0x73, 0xAE, 0x84, 0x10,
    0x9C, 0xD3, 0x9C, 0xD3, 0x9C, 0xD3, 0xB5, 0xB6, 0xB5, 0xB6, 0xB5, 0xB6, 0x52, 0xAA, 0x04, 0x00,
    0x8F, 0x63, 0x2C, 0xA5, 0x34, 0x9C, 0xD3, 0x9C, 0xD3, 0x9C, 0xD3, 0x9C, 0xD3, 0x8C, 0x51, 0x10,
    0xA2, 0x03, 0x00, 0xFF, 0x63, 0x01, 0x6B, 0x01, 0xAD, 0x01, 0x8C, 0x01, 0x8C, 0x01, 0x8C, 0x01,
    0x8C, 0x01, 0x8C, 0x01, 0x8C, 0x01, 0x8C, 0x01, 0x8C, 0x01, 0x8C, 0x01, 0x8C, 0x01, 0x8C, 0x01,
    0x8C, 0x01, 0x8C, 0x01, 0x8C, 0x01, 0x8C, 0x01, 0x8C, 0x01, 0x8C, 0x01, 0x8C, 0x01, 0x8C, 0x01,
    0x8C, 0x01, 0x8C, 0x01, 0x8C, 0x01, 0x8C, 0x01, 0x8C, 0x01, 0x8C, 0x01, 0x8C, 0x1E, 0x16, 0x1E,
    0x16, 0x1E, 0x16, 0x37, 0xE0, 0x37, 0xE0, 0x37, 0xE0, 0x37, 0xE0, 0x37, 0xE0, 0x37, 0xE0, 0x37,
    0xE0, 0x37, 0xE0, 0x37, 0xE0, 0x37, 0xE0, 0x37, 0xE0, 0x37, 0xE0, 0x37, 0xE0, 0x37, 0xE0, 0x37,
    0xE0, 0x37, 0xE0, 0x37, 0xE0, 0x37, 0xE0, 0x37, 0xE0, 0x37, 0xE0, 0x37, 0xE0, 0x37, 0xE0, 0x37,
    0xE0, 0x37, 0xE0, 0x37, 0xE0, 0x37, 0xE0, 0x1E, 0x72, 0x1E, 0x16, 0x1E, 0x16, 0x15, 0x76, 0x15,
    0x76, 0x15, 0x76, 0x15, 0x8E, 0x76, 0x15, 0x76, 0x15, 0x76, 0x15, 0x76, 0x15, 0x76, 0x15, 0x76,
    0x15, 0x76, 0x01, 0x45, 0x04, 0x00, 0x85, 0x10, 0xA2, 0x10, 0xA2, 0x10, 0xA2, 0x06, 0x00, 0xBB,
    0x6A, 0xA8, 0xF6, 0x32, 0xFE, 0x73, 0xFD, 0x99, 0xFC, 0xDF, 0xFC, 0xDF, 0xFC, 0xDF, 0xFB, 0x9A,
    0xFB, 0x9A, 0xFB, 0x9A, 0xFC, 0x1D, 0xFC, 0xDF, 0xFC, 0xDF, 0xFC, 0xDF, 0xFC, 0xDF, 0xFC, 0xDF,
    0xFC, 0xDF, 0xFC, 0xDF, 0xFC, 0xDF, 0xFC, 0xDF, 0xFC, 0xDF, 0xFC, 0xDF, 0xFC, 0xDF, 0xFC, 0xDF,
    0xFC, 0xDF, 0xFC, 0xDF, 0xFC, 0xDF, 0xFC, 0xDF, 0xFC, 0xDF, 0x92, 0xD2, 0x04, 0x00, 0x9B, 0x10,
    0xA2, 0x9C, 0xD3, 0x9C, 0xD3, 0x9C, 0xD3, 0x9C, 0xD3, 0x9C, 0xD3, 0x9C, 0xD3, 0x9C, 0xD3, 0x9C,
    0xD3, 0xA5, 0x34, 0x52, 0xAA, 0x21, 0x04, 0x21, 0x04, 0x21, 0x04, 0x04, 0x00, 0xA9, 0x4A, 0x49,
    0x9C, 0xD3, 0x9C, 0xD3, 0x9C, 0xD3, 0x9C, 0xD3, 0x9C, 0xD3, 0x9C, 0xD3, 0x9C, 0xD3, 0x9C, 0xD3,
    0x9C, 0xD3, 0x42, 0x08, 0x10, 0xA2, 0x10, 0xA2, 0x42, 0x08, 0x9C, 0xD3, 0x9C, 0xD3, 0x8C, 0x51,
    0x42, 0x08, 0x21, 0x04, 0x21, 0x04, 0x10, 0xA2, 0x04, 0x00, 0x8F, 0x63, 0x2C, 0x9C, 0xD3, 0x9C,
    0xD3, 0x9C, 0xD3, 0x9C, 0xD3, 0x9C, 0xD3, 0x8C, 0x51, 0x10, 0xA2, 0x03, 0x00, 0xFF, 0x63, 0x01,
    0x6B, 0x01, 0xAD, 0x01, 0x8C, 0x01, 0x8C, 0x01, 0x8C, 0x01, 0x8C, 0x01, 0x8C, 0x01, 0x8C, 0x01,
    0x8C, 0x01, 0x8C, 0x01, 0x8C, 0x01, 0x8C, 0x01, 0x8C, 0x01, 0x8C, 0x01, 0x8C, 0x01, 0x8C, 0x01,
    0x8C, 0x01, 0x8C, 0x01, 0x8C, 0x01, 0x8C, 0x01, 0x8C, 0x01, 0x8C, 0x01, 0x8C, 0x01, 0x8C, 0x01,
    0x8C, 0x01, 0x8C, 0x01, 0x8C, 0x01, 0x8C, 0x04, 0x9F, 0x04, 0x9F, 0x04, 0x9F, 0x2E, 0xC0, 0x37,
    0xE0, 0x37, 0xE0, 0x37, 0xE0, 0x37, 0xE0, 0x37, 0xE0, 0x37, 0xE0, 0x37, 0xE0, 0x37, 0xE0, 0x37,
    0xE0, 0x37, 0xE0, 0x37, 0xE0, 0x37, 0xE0, 0x37, 0xE0, 0x37, 0xE0, 0x37, 0xE0, 0x37, 0xE0, 0x37,
    0xE0, 0x37, 0xE0, 0x37, 0xE0, 0x37, 0xE0, 0x37, 0xE0, 0x37, 0xE0, 0x37, 0xE0, 0x37, 0xE0, 0x37,
    0xE0, 0x0D, 0x79, 0x04, 0x9F, 0x04, 0xDF, 0x04, 0xFF, 0x04, 0xFF, 0x04, 0xFF, 0x04, 0x8E, 0xFF,
    0x04, 0xFF, 0x04, 0xFF, 0x04, 0xFF, 0x04, 0xFF, 0x04, 0xFF, 0x04, 0xFF, 0x01, 0x8A, 0x10, 0x00,
    0xBB, 0x6A, 0xA8, 0xF6, 0x32, 0xFE, 0x73, 0xFD, 0x99, 0xFC, 0xDF, 0xFC, 0xDF, 0xFC, 0xDF, 0xFC,
    0xDF, 0xFC, 0xDF, 0xFC, 0xDF, 0xFC, 0xDF, 0xFC, 0xDF, 0xFC, 0xDF, 0xFC, 0xDF, 0xFC, 0xDF, 0xFC,
    0xDF, 0xFC, 0xDF, 0xFC, 0xDF, 0xFC, 0xDF, 0xFC, 0xDF, 0xFC, 0xDF, 0xFC, 0xDF, 0xFC, 0xDF, 0xFC,
    0xDF, 0xFC, 0xDF, 0xFC, 0xDF, 0xFC, 0xDF, 0xFC, 0xDF, 0xFC, 0xDF, 0x92, 0xD2, 0x04, 0x00, 0x95,
    0x10, 0xA2, 0x9C, 0xD3, 0x9C, 0xD3, 0x9C, 0xD3, 0x9C, 0xD3, 0x9C, 0xD3, 0x9C, 0xD3, 0x9C, 0xD3,
    0x9C, 0xD3, 0xA5, 0x34, 0x4A, 0x49, 0x0A, 0x00, 0x95, 0x4A, 0x49, 0x9C, 0xD3, 0x9C, 0xD3, 0x9C,
    0xD3, 0x9C, 0xD3, 0x9C, 0xD3, 0x9C, 0xD3, 0x9C, 0xD3, 0x9C, 0xD3, 0x9C, 0xD3, 0x42, 0x08, 0x04,
    0x00, 0x89, 0x31, 0xA6, 0x9C, 0xD3, 0x9C, 0xD3, 0x8C, 0x51, 0x21, 0x04, 0x0A, 0x00, 0x8F, 0x63,
    0x2C, 0xA5, 0x34, 0x9C, 0xD3, 0x9C, 0xD3, 0x9C, 0xD3, 0x9C, 0xD3, 0x8C, 0x51, 0x10, 0xA2, 0x03,
    0x00, 0xFF, 0x63, 0x01, 0x6B, 0x01, 0xAD, 0x01, 0x8C, 0x01, 0x8C, 0x01, 0x8C, 0x01, 0x8C, 0x01,
    0x8C, 0x01, 0x8C, 0x01, 0x8C, 0x01, 0x8C, 0x01, 0x8C, 0x01, 0x8C, 0x01, 0x8C, 0x01, 0x8C, 0x01,
    0x8C, 0x01, 0x8C, 0x01, 0x8C, 0x01, 0x8C, 0x01, 0x8C, 0x01, 0x8C, 0x01, 0x8C, 0x01, 0x8C, 0x01,
    0x8C, 0x01, 0x8C, 0x01, 0x8C, 0x01, 0x8C, 0x01, 0x8C, 0x01, 0x8C, 0x04, 0xDF, 0x04, 0xDF, 0x04,
    0x9F, 0x37, 0xE0, 0x37, 0xE0, 0x37, 0xE0, 0x37, 0xE0, 0x37, 0xE0, 0x37, 0xE0, 0x37, 0xE0, 0x37,
    0xE0, 0x37, 0xE0, 0x37, 0xE0, 0x37, 0xE0, 0x37, 0xE0, 0x37, 0xE0, 0x37, 0xE0, 0x37, 0xE0, 0x37,
    0xE0, 0x37, 0xE0, 0x37, 0xE0, 0x37, 0xE0, 0x37, 0xE0, 0x37, 0xE0, 0x37, 0xE0, 0x37, 0xE0, 0x37,
    0xE0, 0x37, 0xE0, 0x37, 0xE0, 0x0D, 0x79, 0x04, 0x9F, 0x04, 0xDF, 0x04, 0xDF, 0x04, 0xDF, 0x04,
    0xDF, 0x04, 0x8E, 0xDF, 0x04, 0xDF, 0x04, 0xDF, 0x04, 0xDF, 0x04, 0xDF, 0x04, 0xDF, 0x04, 0xFF,
    0x00, 0x84, 0x10, 0x00, 0xBB, 0x6A, 0xA8, 0xF6, 0x32, 0xFE, 0x73, 0xFD, 0x99, 0xFC, 0xDF, 0xFC,
    0xDF, 0xFC, 0xDF, 0xFC, 0xDF, 0xFC, 0xDF, 0xFC, 0xDF, 0xFC, 0xDF, 0xFC, 0xDF, 0xFC, 0xDF, 0xFC,
    0xDF, 0xFC, 0xDF, 0xFC, 0xDF, 0xFC, 0xDF, 0xFC, 0xDF, 0xFC, 0xDF, 0xFC, 0xDF, 0xFC, 0xDF, 0xFC,
    0xDF, 0xFC, 0xDF, 0xFC, 0xDF, 0xFC, 0xDF, 0xFC, 0xDF, 0xFC, 0xDF, 0xFC, 0xDF, 0xFC, 0xDF, 0x92,
    0xD2, 0x04, 0x00, 0x95, 0x10, 0xA2, 0x9C, 0xD3, 0x9C, 0xD3, 0x9C, 0xD3, 0x9C, 0xD3, 0x9C, 0xD3,
    0x9C, 0xD3, 0x9C, 0xD3, 0x9C, 0xD3, 0xA5, 0x34, 0x42, 0x08, 0x0A, 0x00, 0x95, 0x42, 0x08, 0x9C,
    0xD3, 0x9C, 0xD3, 0x9C, 0xD3, 0x9C, 0xD3, 0x9C, 0xD3, 0x9C, 0xD3, 0x9C, 0xD3, 0x9C, 0xD3, 0x9C,
    0xD3, 0x31, 0xA6, 0x04, 0x00, 0x89, 0x21, 0x04, 0x9C, 0xD3, 0x9C, 0xD3, 0x8C, 0x51, 0x21, 0x04,
    0x0A, 0x00, 0x8F, 0x63, 0x2C, 0x9C, 0xD3, 0x9C, 0xD3, 0x9C, 0xD3, 0x9C, 0xD3, 0x9C, 0xD3, 0x8C,
    0x51, 0x10, 0xA2, 0x03, 0x00, 0xFF, 0x63, 0x01, 0x6B, 0x01, 0xAD, 0x01, 0x8C, 0x01, 0x8C, 0x01,
    0x8C, 0x01, 0x8C, 0x01, 0x8C, 0x01, 0x8C, 0x01, 0x8C, 0x01, 0x8C, 0x01, 0x8C, 0x01, 0x8C, 0x01,
    0x8C, 0x01, 0x8C, 0x01, 0x8C, 0x01, 0x8C, 0x01, 0x8C, 0x01, 0x8C, 0x01, 0x8C, 0x01, 0x8C, 0x01,
    0x8C, 0x01, 0x8C, 0x01, 0x8C, 0x01, 0x8C, 0x01, 0x8C, 0x01, 0x8C, 0x01, 0x8C, 0x01, 0x8C, 0x04,
    0xDF, 0x04, 0xDF, 0x04, 0xDF, 0x0D, 0x79, 0x0D, 0x79, 0x0D, 0x79, 0x0D, 0x79, 0x0D, 0x79, 0x0D,
    0x79, 0x0D, 0x79, 0x0D, 0x79, 0x0D, 0x79, 0x0D, 0x79, 0x0D, 0x79, 0x0D, 0x79, 0x0D, 0x79, 0x0D,
    0x79, 0x0D, 0x79, 0x0D, 0x79, 0x0D, 0x79, 0x0D, 0x79, 0x0D, 0x79, 0x0D, 0x79, 0x0D, 0x79, 0x0D,
    0x79, 0x0D, 0x79, 0x0D, 0x79, 0x0D, 0x79, 0x0D, 0x79, 0x04, 0xFF, 0x04, 0xDF, 0x04, 0xDF, 0x04,
    0xDF, 0x04, 0xDF, 0x04, 0xDF, 0x04, 0x9A, 0xDF, 0x04, 0xDF, 0x04, 0xDF, 0x04, 0xDF, 0x04, 0xDF,
    0x04, 0xFF, 0x04, 0xDF, 0x03, 0xD9, 0x03, 0xD9, 0x03, 0xD9, 0x03, 0xD9, 0x03, 0xD9, 0x03, 0xD9,
    0x01, 0x8A, 0x04, 0x00, 0xBB, 0x6A, 0xA8, 0xF6, 0x32, 0xFE, 0x73, 0xFD, 0x99, 0xFC, 0xDF, 0xFC,
    0xDF, 0xFC, 0xDF, 0xFC, 0xDF, 0xFC, 0xDF, 0xFC, 0xDF, 0xFC, 0xDF, 0xFC, 0xDF, 0xFC, 0xDF, 0xFC,
    0xDF, 0xFC, 0xDF, 0xFC, 0xDF, 0xFC, 0xDF, 0xFC, 0xDF, 0xFC, 0xDF, 0xFC, 0x1D, 0xFA, 0xB7, 0xF9,
    0xF4, 0xF9, 0xF4, 0xFC, 0x1D, 0xFC, 0xDF, 0xFC, 0xDF, 0xFC, 0xDF, 0xFC, 0xDF, 0xFC, 0xDF, 0x92,
    0xD2, 0x04, 0x00, 0xDD, 0x10, 0xA2, 0x9C, 0xD3, 0x9C, 0xD3, 0xAC, 0xD3, 0xEC, 0xD3, 0xEC, 0xD3,
    0xEC, 0xD3, 0xEC, 0xD3, 0xEC, 0xD3, 0xEC, 0xD3, 0xC4, 0xD3, 0x73, 0xAE, 0x84, 0x10, 0x84, 0x10,
    0x84, 0x10, 0x84, 0x10, 0x8C, 0x51, 0x9C, 0xD3, 0x9C, 0xD3, 0x9C, 0xD3, 0x9C, 0xD3, 0x9C, 0xD3,
    0x9C, 0xD3, 0x9C, 0xD3, 0x9C, 0xD3, 0x9C, 0xD3, 0x84, 0x10, 0x84, 0x10, 0x84, 0x10, 0x84, 0x10,
    0x9C, 0xD3, 0x9C, 0xD3, 0x9C, 0xD3, 0x84, 0x10, 0x84, 0x10, 0x84, 0x10, 0x84, 0x10, 0x84, 0x10,
    0x84, 0x10, 0xCC, 0x71, 0xEC, 0xD3, 0xEC, 0xD3, 0xEC, 0xD3, 0xEC, 0xD3, 0xEC, 0xD3, 0xEC, 0xD3,
    0x20, 0xA2, 0x03, 0x00, 0xFF, 0x63, 0x01, 0x6B, 0x01, 0xAD, 0x01, 0x8C, 0x01, 0x8C, 0x01, 0x8C,
    0x01, 0x8C, 0x01, 0x8C, 0x01, 0x8C, 0x01, 0x8C, 0x01, 0x8C, 0x01, 0x8C, 0x01, 0x8C, 0x01, 0x8C,
    0x01, 0x8C, 0x01, 0x8C, 0x01, 0x8C, 0x01, 0x8C, 0x01, 0x8C, 0x01, 0x8C, 0x01, 0x8C, 0x01, 0x8C,
    0x01, 0x8C, 0x01, 0x8C, 0x01, 0x8C, 0x01, 0x8C, 0x01, 0x8C, 0x01, 0x8C, 0x01, 0x8C, 0x04, 0xDF,
    0x04, 0xDF, 0x04, 0xDF, 0x04, 0x9F, 0x04, 0x9F, 0x04, 0x9F, 0x04, 0x9F, 0x04, 0x9F, 0x04, 0x9F,
    0x04, 0x9F, 0x04, 0x9F, 0x04, 0x9F, 0x04, 0x9F, 0x04, 0x9F, 0x04, 0x9F, 0x04, 0x9F, 0x04, 0x9F,
    0x04, 0x9F, 0x04, 0x9F, 0x04, 0x9F, 0x04, 0x9F, 0x04, 0x9F, 0x04, 0x9F, 0x04, 0x9F, 0x04, 0x9F,
    0x04, 0x9F, 0x04, 0x9F, 0x04, 0x9F, 0x04, 0x9F, 0x04, 0xDF, 0x04, 0xDF, 0x04, 0xDF, 0x04, 0xDF,
    0x04, 0xDF, 0x04, 0xDF, 0x04, 0x9A, 0xDF, 0x04, 0xDF, 0x04, 0xDF, 0x04, 0xDF, 0x04, 0xDF, 0x04,
    0xDF, 0x04, 0xDF, 0x04, 0xFF, 0x04, 0xFF, 0x04, 0xFF, 0x04, 0xFF, 0x04, 0xFF, 0x04, 0xFF, 0x01,
    0x8A, 0x04, 0x00, 0xBB, 0x6A, 0xA8, 0xF6, 0x32, 0xFE, 0x73, 0xFD, 0x99, 0xFC, 0xDF, 0xFC, 0xDF,
    0xFC, 0xDF, 0xFC, 0xDF, 0xFC, 0xDF, 0xFC, 0xDF, 0xFC, 0xDF, 0xFC, 0xDF, 0xFC, 0xDF, 0xFC, 0xDF,
    0xFC, 0xDF, 0xFC, 0xDF, 0xFC, 0xDF, 0xFC, 0xDF, 0xFC, 0xDF, 0xFC, 0x1D, 0xF9, 0xF4, 0xF9, 0x72,
    0xF9, 0x72, 0xFB, 0x9A, 0xFC, 0xDF, 0xFC, 0xDF, 0xFC, 0xDF, 0xFC, 0xDF, 0xFC, 0xDF, 0x92, 0xD2,
    0x04, 0x00, 0xDD, 0x10, 0xA2, 0x9C, 0xD3, 0x9C, 0xD3, 0xC4, 0xD3, 0xFC, 0xD3, 0xFC, 0xD3, 0xFC,
    0xD3, 0xFC, 0xD3, 0xFC, 0xD3, 0xFC, 0xD3, 0xC4, 0xD3, 0x9C, 0xD3, 0xA5, 0x34, 0xA5, 0x34, 0x9C,
    0xD3, 0xA5, 0x34, 0x9C, 0xD3, 0x9C, 0xD3, 0x9C, 0xD3, 0x9C, 0xD3, 0x9C, 0xD3, 0x9C, 0xD3, 0x9C,
    0xD3, 0x9C, 0xD3, 0x9C, 0xD3, 0x9C, 0xD3, 0x9C, 0xD3, 0xA5, 0x34, 0xA5, 0x34, 0x9C, 0xD3, 0x9C,
    0xD3, 0x9C, 0xD3, 0x9C, 0xD3, 0x9C, 0xD3, 0xA5, 0x34, 0x9C, 0xD3, 0xA5, 0x34, 0xA5, 0x34, 0x9C,
    0xD3, 0xEC, 0xD3, 0xFC, 0xD3, 0xFC, 0xD3, 0xFC, 0xD3, 0xFC, 0xD3, 0xFC, 0xD3, 0xFC, 0xD3, 0x20,
    0xA2, 0x03, 0x00, 0xFF, 0x63, 0x01, 0x6B, 0x01, 0xAD, 0x01, 0x8C, 0x01, 0x8C, 0x01, 0x8C, 0x01,
    0x8C, 0x01, 0x8C, 0x01, 0x8C, 0x01, 0x8C, 0x01, 0x8C, 0x01, 0x8C, 0x01, 0x8C, 0x01, 0x8C, 0x01,
    0x8C, 0x01, 0x8C, 0x01, 0x8C, 0x01, 0x8C, 0x01, 0x8C, 0x01, 0x8C, 0x01, 0x8C, 0x01, 0x8C, 0x01,
    0x8C, 0x01, 0x8C, 0x01, 0x8C, 0x01, 0x8C, 0x01, 0x8C, 0x01, 0x8C, 0x01, 0x8C, 0x04, 0xDF, 0x04,
    0xDF, 0x04, 0xDF, 0x04, 0xDF, 0x04, 0xDF, 0x04, 0xFF, 0x04, 0xFF, 0x04, 0xFF, 0x04, 0xDF, 0x04,
    0xFF, 0x04, 0xFF, 0x04, 0xDF, 0x04, 0xDF, 0x04, 0xDF, 0x04, 0xFF, 0x04, 0xFF, 0x04, 0xFF, 0x04,
    0xFF, 0x04, 0xDF, 0x04, 0xFF, 0x04, 0xFF, 0x04, 0xFF, 0x04, 0xDF, 0x04, 0xDF, 0x04, 0xFF, 0x04,
    0xFF, 0x04, 0xFF, 0x04, 0xDF, 0x04, 0xDF, 0x04, 0xDF, 0x04, 0xDF, 0x04, 0xDF, 0x04, 0xDF, 0x04,
    0xDF, 0x04, 0xDF, 0x04, 0x9A, 0xDF, 0x04, 0xDF, 0x04, 0xDF, 0x04, 0xDF, 0x04, 0xDF, 0x04, 0xDF,
    0x04, 0xDF, 0x04, 0xDF, 0x04, 0xDF, 0x04, 0xDF, 0x04, 0xDF, 0x04, 0xDF, 0x04, 0xFF, 0x01, 0x8A,
    0x04, 0x00, 0xBB, 0x6A, 0xA8, 0xF6, 0x32, 0xFE, 0x73, 0xFD, 0x99, 0xFC, 0xDF, 0xFC, 0xDF, 0xFC,
    0xDF, 0xFC, 0xDF, 0xFC, 0xDF, 0xFC, 0xDF, 0xFC, 0xDF, 0xFC, 0xDF, 0xFC, 0xDF, 0xFC, 0xDF, 0xFC,
    0xDF, 0xFC, 0xDF, 0xFC, 0xDF, 0xFC, 0xDF, 0xFC, 0xDF, 0xFC, 0x1D, 0xF9, 0xF4, 0xF9, 0x72, 0xF9,
    0x72, 0xFB, 0x9A, 0xFC, 0xDF, 0xFC, 0xDF, 0xFC, 0xDF, 0xFC, 0xDF, 0xFC, 0xDF, 0x92, 0xD2, 0x04,
    0x00, 0xDD, 0x10, 0xA2, 0x9C, 0xD3, 0x9C, 0xD3, 0xAC, 0xD3, 0xFC, 0xD3, 0xFC, 0xD3, 0xFC, 0xD3,
    0xFC, 0xD3, 0xFC, 0xD3, 0xFC, 0xD3, 0xC4, 0xD3, 0x9C, 0xD3, 0x9C, 0xD3, 0x9C, 0xD3, 0x9C, 0xD3,
    0x9C, 0xD3, 0x9C, 0xD3, 0x9C, 0xD3, 0x9C, 0xD3, 0x9C, 0xD3, 0x9C, 0xD3, 0x9C, 0xD3, 0x9C, 0xD3,
    0x9C, 0xD3, 0x9C, 0xD3, 0x9C, 0xD3, 0x9C, 0xD3, 0x9C, 0xD3, 0x9C, 0xD3, 0x9C, 0xD3, 0x9C, 0xD3,
    0x9C, 0xD3, 0x9C, 0xD3, 0x9C, 0xD3, 0x9C, 0xD3, 0x9C, 0xD3, 0x9C, 0xD3, 0x9C, 0xD3, 0x9C, 0xD3,
    0xEC, 0xD3, 0xFC, 0xD3, 0xFC, 0xD3, 0xFC, 0xD3, 0xFC, 0xD3, 0xFC, 0xD3, 0xEC, 0xD3, 0x20, 0xA2,
    0x03, 0x00, 0xFF, 0x63, 0x01, 0x6B, 0x01, 0xAD, 0x01, 0x8C, 0x01, 0x8C, 0x01, 0x8C, 0x01, 0x8C,
    0x01, 0x8C, 0x01, 0x8C, 0x01, 0x8C, 0x01, 0x8C, 0x01, 0x8C, 0x01, 0x8C, 0x01, 0x8C, 0x01, 0x8C,
    0x01, 0x8C, 0x01, 0x8C, 0x01, 0x8C, 0x01, 0x8C, 0x01, 0x8C, 0x01, 0x8C, 0x01, 0x8C, 0x01, 0x8C,
    0x01, 0x8C, 0x01, 0x8C, 0x01, 0x8C, 0x01, 0x8C, 0x01, 0x8C, 0x01, 0x8C, 0x04, 0xDF, 0x04, 0xDF,
    0x04, 0xDF, 0x04, 0xDF, 0x04, 0xDF, 0x04, 0xDF, 0x04, 0xDF, 0x04, 0xDF, 0x04, 0xDF, 0x04, 0xDF,
    0x04, 0xDF, 0x04, 0xDF, 0x04, 0xDF, 0x04, 0xDF, 0x04, 0xDF, 0x04, 0xDF, 0x04, 0xDF, 0x04, 0xDF,
    0x04, 0xDF, 0x04, 0xDF, 0x04, 0xDF, 0x04, 0xDF, 0x04, 0xDF, 0x04, 0xDF, 0x04, 0xDF, 0x04, 0xDF,
    0x04, 0xDF, 0x04, 0xDF, 0x04, 0xDF, 0x04, 0xDF, 0x04, 0xDF, 0x04, 0xDF, 0x04, 0xDF, 0x04, 0xDF,
    0x04, 0xDF, 0x04, 0x9A, 0xDF, 0x04, 0xDF, 0x04, 0xDF, 0x04, 0xDF, 0x04, 0xDF, 0x04, 0xDF, 0x04,
    0xDF, 0x04, 0xDF, 0x04, 0xDF, 0x04, 0xDF, 0x04, 0xDF, 0x04, 0xDF, 0x04, 0xFF, 0x01, 0x8A, 0x04,
    0x00, 0xBB, 0x6A, 0xA8, 0xF6, 0x32, 0xFE, 0x73, 0xFD, 0xB7, 0xFD, 0x5B, 0xFD, 0x5B, 0xFD, 0x5B,
    0xFC, 0xDF, 0xFC, 0xDF, 0xFC, 0xDF, 0xFC, 0x1D, 0xFB, 0x9A, 0xFB, 0x9A, 0xFC, 0x1D, 0xFC, 0xDF,
    0xFC, 0xDF, 0xFC, 0xDF, 0xFC, 0xDF, 0xFC, 0xDF, 0xFC, 0x1D, 0xFB, 0x38, 0xFA, 0xB7, 0xFA, 0xB7,
    0xFC, 0x1D, 0xFC, 0xDF, 0xFC, 0xDF, 0xFC, 0xDF, 0xFC, 0xDF, 0xFC, 0xDF, 0x92, 0xD2, 0x04, 0x00,
    0x9D, 0x10, 0xA2, 0x9C, 0xD3, 0x9C, 0xD3, 0xAC, 0xD3, 0xFC, 0xD3, 0xFC, 0xD3, 0xFC, 0xD3, 0xFC,
    0xD3, 0xFC, 0xD3, 0xFC, 0xD3, 0xC4, 0xD3, 0x9C, 0xD3, 0x9C, 0xD3, 0x84, 0x10, 0x21, 0x04, 0x02,
    0x00, 0x8F, 0x4A, 0x49, 0x9C, 0xD3, 0x9C, 0xD3, 0x9C, 0xD3, 0x9C, 0xD3, 0x9C, 0xD3, 0x9C, 0xD3,
    0x52, 0xAA, 0x02, 0x00, 0x93, 0x10, 0xA2, 0x73, 0xAE, 0x9C, 0xD3, 0x9C, 0xD3, 0x9C, 0xD3, 0x9C,
    0xD3, 0x9C, 0xD3, 0x8C, 0x51, 0x31, 0xA6, 0x10, 0xA2, 0x02, 0x00, 0x95, 0x63, 0x2C, 0x9C, 0xD3,
    0x9C, 0xD3, 0xEC, 0xD3, 0xFC, 0xD3, 0xFC, 0xD3, 0xFC, 0xD3, 0xFC, 0xD3, 0xFC, 0xD3, 0xEC, 0xD3,
    0x20, 0xA2, 0x03, 0x00, 0xFF, 0x63, 0x01, 0x6B, 0x01, 0xAD, 0x01, 0x8C, 0x01, 0x8C, 0x01, 0x8C,
    0x01, 0x8C, 0x01, 0x8C, 0x01, 0x8C, 0x01, 0x8C, 0x01, 0x8C, 0x01, 0x8C, 0x01, 0x8C, 0x01, 0x8C,
    0x01, 0x8C, 0x01, 0x8C, 0x01, 0x8C, 0x01, 0x8C, 0x01, 0x8C, 0x01, 0x8C, 0x01, 0x8C, 0x01, 0x8C,
    0x01, 0x8C, 0x01, 0x8C, 0x01, 0x8C, 0x01, 0x8C, 0x01, 0x8C, 0x01, 0x8C, 0x01, 0x8C, 0x04, 0xDF,
    0x04, 0xDF, 0x04, 0xDF, 0x04, 0xDF, 0x04, 0xDF, 0x04, 0xDF, 0x04, 0xDF, 0x04, 0xDF, 0x04, 0xDF,
    0x04, 0xDF, 0x04, 0xDF, 0x04, 0xDF, 0x04, 0xDF, 0x04, 0xDF, 0x04, 0xDF, 0x04, 0xDF, 0x04, 0xDF,
    0x04, 0xDF, 0x04, 0xDF, 0x04, 0xDF, 0x04, 0xDF, 0x04, 0xDF, 0x04, 0xDF, 0x04, 0xDF, 0x04, 0xDF,
    0x04, 0xDF, 0x04, 0xDF, 0x04, 0xDF, 0x04, 0xDF, 0x04, 0xDF, 0x04, 0xDF, 0x04, 0xDF, 0x04, 0xDF,
    0x04, 0xDF, 0x04, 0xDF, 0x04, 0x9A, 0xDF, 0x04, 0xDF, 0x04, 0xDF, 0x04, 0xDF, 0x04, 0xDF, 0x04,
    0xDF, 0x04, 0xDF, 0x04, 0xDF, 0x04, 0xDF, 0x04, 0xDF, 0x04, 0xDF, 0x04, 0xDF, 0x04, 0xFF, 0x01,
    0x8A, 0x04, 0x00, 0xBB, 0x6A, 0xA8, 0xF6, 0x32, 0xFE, 0x73, 0xFE, 0x73, 0xFE, 0x73, 0xFE, 0x91,
    0xFE, 0x73, 0xFC, 0xDF, 0xFC, 0xDF, 0xFC, 0xDF, 0xFA, 0xB7, 0xF9, 0x72, 0xF9, 0x72, 0xFA, 0xB7,
    0xFC, 0xDF, 0xFC, 0xDF, 0xFC, 0xDF, 0xFC, 0xDF, 0xFC, 0xDF, 0xFC, 0xDF, 0xFC, 0xDF, 0xFC, 0xDF,
    0xFC, 0xDF, 0xFC, 0xDF, 0xFC, 0xDF, 0xFC, 0xDF, 0xFC, 0xDF, 0xFC, 0xDF, 0xFC, 0xDF, 0x92, 0xD2,
    0x04, 0x00, 0x9B, 0x10, 0xA2, 0x9C, 0xD3, 0x9C, 0xD3, 0xAC, 0xD3, 0xFC, 0xD3, 0xFC, 0xD3, 0xFC,
    0xD3, 0xFC, 0xD3, 0xFC, 0xD3, 0xFC, 0xD3, 0xC4, 0xD3, 0x9C, 0xD3, 0x9C, 0xD3, 0x84, 0x10, 0x04,
    0x00, 0x8F, 0x42, 0x08, 0x9C, 0xD3, 0x9C, 0xD3, 0x9C, 0xD3, 0x9C, 0xD3, 0x9C, 0xD3, 0x9C, 0xD3,
    0x52, 0xAA, 0x04, 0x00, 0x8F, 0x73, 0xAE, 0x9C, 0xD3, 0x9C, 0xD3, 0x9C, 0xD3, 0x9C, 0xD3, 0x9C,
    0xD3, 0x8C, 0x51, 0x21, 0x04, 0x04, 0x00, 0x95, 0x52, 0xAA, 0x9C, 0xD3, 0x9C, 0xD3, 0xEC, 0xD3,
    0xFC, 0xD3, 0xFC, 0xD3, 0xFC, 0xD3, 0xFC, 0xD3, 0xFC, 0xD3, 0xFC, 0xD3, 0x20, 0xA2, 0x03, 0x00,
    0xFF, 0x63, 0x01, 0x6B, 0x01, 0xAD, 0x01, 0x8C, 0x01, 0x8C, 0x01, 0x8C, 0x01, 0x8C, 0x01, 0x8C,
    0x01, 0x8C, 0x01, 0x8C, 0x01, 0x8C, 0x01, 0x8C, 0x01, 0x8C, 0x01, 0x8C, 0x01, 0x8C, 0x01, 0x8C,
    0x01, 0x8C, 0x01, 0x8C, 0x01, 0x8C, 0x01, 0x8C, 0x01, 0x8C, 0x01, 0x8C, 0x01, 0x8C, 0x01, 0x8C,
    0x01, 0x8C, 0x01, 0x8C, 0x01, 0x8C, 0x01, 0x8C, 0x01, 0x8C, 0x04, 0xFF, 0x04, 0xFF, 0x04, 0xFF,
    0x04, 0xDF, 0x04, 0xDF, 0x04, 0xDF, 0x04, 0xDF, 0x04, 0xDF, 0x04, 0xDF, 0x04, 0xDF, 0x04, 0xDF,
    0x04, 0xDF, 0x04, 0xDF, 0x04, 0xDF, 0x04, 0xDF, 0x04, 0xDF, 0x04, 0xDF, 0x04, 0xDF, 0x04, 0xDF,
    0x04, 0xDF, 0x04, 0xDF, 0x04, 0xDF, 0x04, 0xDF, 0x04, 0xDF, 0x04, 0xDF, 0x04, 0xDF, 0x04, 0xDF,
    0x04, 0xDF, 0x04, 0xDF, 0x04, 0xFF, 0x04, 0xFF, 0x04, 0xFF, 0x04, 0xFF, 0x04, 0xFF, 0x04, 0xFF,
    0x04, 0x9A, 0xFF, 0x04, 0xFF, 0x04, 0xFF, 0x04, 0xFF, 0x04, 0xFF, 0x04, 0xFF, 0x04, 0xFF, 0x04,
    0xFF, 0x04, 0xFF, 0x04, 0xFF, 0x04, 0xFF, 0x04, 0xFF, 0x04, 0xFF, 0x01, 0x8A, 0x04, 0x00, 0xBB,
    0x6A, 0xA8, 0xF6, 0x32, 0xFE, 0x73, 0xFE, 0x73, 0xFE, 0x73, 0xFE, 0x73, 0xFE, 0x34, 0xFC, 0xDF,
    0xFC, 0xDF, 0xFC, 0xDF, 0xFA, 0xB7, 0xF9, 0x72, 0xF9, 0x72, 0xFA, 0xB7, 0xFC, 0xDF, 0xFC, 0xDF,
    0xFC, 0xDF, 0xFC, 0xDF, 0xFC, 0xDF, 0xFC, 0xDF, 0xFC, 0xDF, 0xFC, 0xDF, 0xFC, 0xDF, 0xFC, 0xDF,
    0xFC, 0xDF, 0xFC, 0xDF, 0xFC, 0xDF, 0xFC, 0xDF, 0xFC, 0xDF, 0x92, 0xD2, 0x05, 0x00, 0x9A, 0xC0,
    0x9C, 0xD3, 0x9C, 0xD3, 0xAC, 0xD3, 0xFC, 0xD3, 0xFC, 0xD3, 0xFC, 0xD3, 0xFC, 0xD3, 0xFC, 0xD3,
    0xFC, 0xD3, 0xC4, 0xD3, 0x9C, 0xD3, 0x9C, 0xD3, 0x84, 0x10, 0x04, 0x00, 0x8F, 0x4A, 0x49, 0x9C,
    0xD3, 0x9C, 0xD3, 0x9C, 0xD3, 0x9C, 0xD3, 0x9C, 0xD3, 0x9C, 0xD3, 0x52, 0xAA, 0x04, 0x00, 0x8F,
    0x73, 0xAE, 0x9C, 0xD3, 0x9C, 0xD3, 0x9C, 0xD3, 0x9C, 0xD3, 0x9C, 0xD3, 0x8C, 0x51, 0x31, 0xA6,
    0x04, 0x00, 0x95, 0x52, 0xAA, 0x9C, 0xD3, 0x9C, 0xD3, 0xEC, 0xD3, 0xFC, 0xD3, 0xFC, 0xD3, 0xFC,
    0xD3, 0xFC, 0xD3, 0xFC, 0xD3, 0xFC, 0xD3, 0x20, 0xA2, 0x03, 0x00, 0xFF, 0x63, 0x01, 0x6B, 0x01,
    0xAD, 0x01, 0x8C, 0x01, 0x8C, 0x01, 0x8C, 0x01, 0x8C, 0x01, 0x8C, 0x01, 0x8C, 0x01, 0x8C, 0x01,
    0x8C, 0x01, 0x8C, 0x01, 0x8C, 0x01, 0x8C, 0x01, 0x8C, 0x01, 0x8C, 0x01, 0x8C, 0x01, 0x8C, 0x01,
    0x8C, 0x01, 0x8C, 0x01, 0x8C, 0x01, 0x8C, 0x01, 0x8C, 0x01, 0x8C, 0x01, 0x8C, 0x01, 0x8C, 0x01,
    0x8C, 0x01, 0x8C, 0x01, 0x8C, 0x0C, 0x7F, 0x0C, 0x7F, 0x0C, 0x7F, 0x04, 0xDF, 0x04, 0xDF, 0x04,
    0xDF, 0x04, 0xDF, 0x04, 0xDF, 0x04, 0xDF, 0x04, 0xDF, 0x04, 0xDF, 0x04, 0xDF, 0x04, 0xDF, 0x04,
    0xDF, 0x04, 0xDF, 0x04, 0xDF, 0x04, 0xDF, 0x04, 0xDF, 0x04, 0xDF, 0x04, 0xDF, 0x04, 0xDF, 0x04,
    0xDF, 0x04, 0xDF, 0x04, 0xDF, 0x04, 0xDF, 0x04, 0xDF, 0x04, 0xDF, 0x04, 0xDF, 0x04, 0xDF, 0x04,
    0x9F, 0x0C, 0x7F, 0x0C, 0x7F, 0x0C, 0x7F, 0x0C, 0x7F, 0x0C, 0x7F, 0x0C, 0x9A, 0x7F, 0x0C, 0x7F,
    0x0C, 0x7F, 0x0C, 0x7F, 0x0C, 0x7F, 0x0C, 0x7F, 0x0C, 0x7F, 0x0C, 0x7F, 0x0C, 0x7F, 0x03, 0xD9,
    0x02, 0xF3, 0x02, 0xF3, 0x02, 0xF3, 0x00, 0x84, 0x04, 0x00, 0xDB, 0x6A, 0xA8, 0xF6, 0x32, 0xFE,
    0x73, 0xFE, 0x73, 0xFE, 0x73, 0xFE, 0x73, 0xFE, 0x34, 0xFC, 0xFE, 0xFC, 0xFE, 0xFC, 0xFE, 0xFB,
    0x38, 0xF9, 0xF4, 0xF9, 0xF4, 0xFB, 0x38, 0xFC, 0xDF, 0xFC, 0xDF, 0xFC, 0xDF, 0xFC, 0xDF, 0xFC,
    0xDF, 0xFC, 0xDF, 0xFC, 0xDF, 0xFC, 0xDF, 0xFC, 0xDF, 0xFC, 0xDF, 0xFC, 0xDF, 0xFC, 0xDF, 0xFC,
    0xDF, 0xFC, 0xDF, 0xFC, 0xDF, 0xCB, 0xD9, 0x92, 0xD2, 0xBB, 0x97, 0x92, 0xD2, 0x52, 0xAA, 0x52,
    0xAA, 0x63, 0x2C, 0xC4, 0xD3, 0xC4, 0xD3, 0xC4, 0xD3, 0xC4, 0xD3, 0xC4, 0xD3, 0xC4, 0xD3, 0xAC,
    0xD3, 0x9C, 0xD3, 0x9C, 0xD3, 0x84, 0x10, 0x04, 0x00, 0x8F, 0x21, 0x04, 0x52, 0xAA, 0x52, 0xAA,
    0x52, 0xAA, 0x52, 0xAA, 0x52, 0xAA, 0x52, 0xAA, 0x31, 0xA6, 0x04, 0x00, 0x8F, 0x42, 0x08, 0x52,
    0xAA, 0x52, 0xAA, 0x52, 0xAA, 0x52, 0xAA, 0x52, 0xAA, 0x4A, 0x49, 0x10, 0xA2, 0x04, 0x00, 0xFF,
    0x52, 0xAA, 0x9C, 0xD3, 0x9C, 0xD3, 0xAC, 0xD3, 0xC4, 0xD3, 0xC4, 0xD3, 0xCC, 0x71, 0x8A, 0xAA,
    0x8A, 0xAA, 0x8A, 0xAA, 0x00, 0xC7, 0x00, 0xC7, 0x01, 0x4A, 0x01, 0x8C, 0x01, 0xAD, 0x01, 0x8C,
    0x01, 0x8C, 0x01, 0x8C, 0x01, 0x8C, 0x01, 0x8C, 0x01, 0x8C, 0x01, 0x8C, 0x01, 0x8C, 0x01, 0x8C,
    0x01, 0x8C, 0x01, 0x8C, 0x01, 0x8C, 0x01, 0x8C, 0x01, 0x8C, 0x01, 0x8C, 0x01, 0x8C, 0x01, 0x8C,
    0x01, 0x8C, 0x01, 0x8C, 0x01, 0x8C, 0x01, 0x8C, 0x01, 0x8C, 0x01, 0x8C, 0x01, 0x8C, 0x01, 0x8C,
    0x01, 0x8C, 0x5A, 0x1F, 0x5A, 0x1F, 0x5A, 0x1F, 0x0C, 0x7F, 0x04, 0xFF, 0x04, 0xDF, 0x04, 0xDF,
    0x04, 0xDF, 0x04, 0xDF, 0x04, 0xDF, 0x04, 0xDF, 0x04, 0xDF, 0x04, 0xDF, 0x04, 0xDF, 0x04, 0xDF,
    0x04, 0xDF, 0x04, 0xDF, 0x04, 0xDF, 0x04, 0xDF, 0x04, 0xDF, 0x04, 0xDF, 0x04, 0xDF, 0x04, 0xDF,
    0xAD, 0x04, 0xDF, 0x04, 0xDF, 0x04, 0xDF, 0x04, 0xDF, 0x04, 0xDF, 0x04, 0x9F, 0x4A, 0xBF, 0x5A,
    0x1F, 0x5A, 0x1F, 0x5A, 0x1F, 0x5A, 0x1F, 0x5A, 0x1F, 0x5A, 0x1F, 0x5A, 0x1F, 0x5A, 0x1F, 0x5A,
    0x1F, 0x5A, 0x1F, 0x5A, 0x1F, 0x5A, 0x1F, 0x5A, 0x1F, 0x5A, 0x1F, 0x41, 0x97, 0x18, 0x68, 0x0A,
    0x00, 0xC3, 0x6A, 0xA8, 0xF6, 0x32, 0xFE, 0x73, 0xFE, 0x73, 0xFE, 0x73, 0xFE, 0x73, 0xFE, 0x73,
    0xFE, 0x34, 0xFE, 0x34, 0xFE, 0x34, 0xFD, 0x5B, 0xFC, 0x1D, 0xFC, 0x1D, 0xFC, 0xDF, 0xFC, 0xDF,
    0xFC, 0xDF, 0xFC, 0xDF, 0xFC, 0xDF, 0xFC, 0xDF, 0xFC, 0xDF, 0xFC, 0xDF, 0xFC, 0xDF, 0xFC, 0xDF,
    0xFC, 0xDF, 0xFC, 0xDF, 0xFC, 0xDF, 0xFC, 0xDF, 0xFC, 0xDF, 0xFC, 0xDF, 0xFC, 0xDF, 0xFC, 0xDF,
    0xFC, 0xFE, 0xCB, 0xD9, 0x10, 0x62, 0x02, 0x00, 0x95, 0x31, 0xA6, 0x9C, 0xD3, 0x9C, 0xD3, 0x9C,
    0xD3, 0x9C, 0xD3, 0x9C, 0xD3, 0x9C, 0xD3, 0x9C, 0xD3, 0x9C, 0xD3, 0x9C, 0xD3, 0x84, 0x10, 0x2C,
    0x00, 0x8D, 0x52, 0xAA, 0x9C, 0xD3, 0x9C, 0xD3, 0x9C, 0xD3, 0x9C, 0xD3, 0x9C, 0xD3, 0x63, 0x2C,
    0x06, 0x00, 0xFF, 0x01, 0x6B, 0x01, 0xAD, 0x01, 0x8C, 0x01, 0x8C, 0x01, 0x8C, 0x01, 0x8C, 0x01,
    0x8C, 0x01, 0x8C, 0x01, 0x8C, 0x01, 0x8C, 0x01, 0x8C, 0x01, 0x8C, 0x01, 0x8C, 0x01, 0x8C, 0x01,
    0x8C, 0x01, 0x8C, 0x01, 0x8C, 0x01, 0x8C, 0x01, 0x8C, 0x01, 0x8C, 0x01, 0x8C, 0x01, 0x8C, 0x01,
    0x8C, 0x01, 0x8C, 0x01, 0x8C, 0x01, 0x8C, 0x01, 0x8C, 0x01, 0x8C, 0x01, 0x8C, 0x01, 0x8C, 0x01,
    0x8C, 0x61, 0x9F, 0x61, 0x9F, 0x61, 0x9F, 0x0C, 0x7F, 0x04, 0xFF, 0x04, 0xFF, 0x04, 0xFF, 0x04,
    0xFF, 0x04, 0xFF, 0x04, 0xFF, 0x04, 0xFF, 0x04, 0xFF, 0x04, 0xFF, 0x04, 0xFF, 0x04, 0xFF, 0x04,
    0xFF, 0x04, 0xFF, 0x04, 0xFF, 0x04, 0xFF, 0x04, 0xFF, 0x04, 0xFF, 0x04, 0xFF, 0x04, 0xFF, 0x04,
    0xFF, 0x04, 0xFF, 0x04, 0xFF, 0x04, 0xFF, 0x04, 0xFF, 0x04, 0xDF, 0x5A, 0x1F, 0x71, 0x9F, 0x61,
    0x9F, 0x61, 0x9F, 0x99, 0x61, 0x9F, 0x61, 0x9F, 0x61, 0x9F, 0x61, 0x9F, 0x61, 0x9F, 0x61, 0x9F,
    0x61, 0x9F, 0x61, 0x9F, 0x61, 0x9F, 0x61, 0x9F, 0x71, 0x9F, 0x51, 0x59, 0x18, 0x68, 0x0A, 0x00,
    0xC3, 0x6A, 0xA8, 0xFE, 0x73, 0xFE, 0xD4, 0xFE, 0x73, 0xFE, 0x73, 0xFE, 0x73, 0xFE, 0x73, 0xFE,
    0x73, 0xFE, 0x73, 0xFE, 0x73, 0xFD, 0x5B, 0xFC, 0x9F, 0xFC, 0xDF, 0xFC, 0xDF, 0xFC, 0xDF, 0xFC,
    0x9F, 0xFC, 0xDF, 0xFC, 0x9F, 0xFC, 0xDF, 0xFC, 0x9F, 0xFC, 0x9F, 0xFC, 0x9F, 0xFC, 0x9F, 0xFC,
    0x9F, 0xFC, 0xDF, 0xFC, 0xDF, 0xFC, 0x9F, 0xFC, 0x9F, 0xFC, 0x9F, 0xFC, 0xDF, 0xFC, 0xDF, 0xFC,
    0xDF, 0xCB, 0xD9, 0x10, 0x62, 0x02, 0x00, 0x95, 0x31, 0xA6, 0x9C, 0xD3, 0xA5, 0x34, 0x9C, 0xD3,
    0x9C, 0xD3, 0x9C, 0xD3, 0x9C, 0xD3, 0x9C, 0xD3, 0x9C, 0xD3, 0x9C, 0xD3, 0x84, 0x10, 0x2C, 0x00,
    0x8D, 0x52, 0xAA, 0x9C, 0xD3, 0x9C, 0xD3, 0x9C, 0xD3, 0x9C, 0xD3, 0xA5, 0x34, 0x63, 0x2C, 0x06,
    0x00, 0xFF, 0x01, 0x6B, 0x01, 0xAD, 0x01, 0x8C, 0x01, 0x8C, 0x01, 0x8C, 0x01, 0x8C, 0x01, 0x8C,
    0x01, 0x8C, 0x01, 0x8C, 0x01, 0x8C, 0x01, 0x8C, 0x01, 0x8C, 0x01, 0x8C, 0x01, 0x8C, 0x01, 0x8C,
    0x01, 0x8C, 0x01, 0x8C, 0x01, 0x8C, 0x01, 0x8C, 0x01, 0x8C, 0x01, 0x8C, 0x01, 0x8C, 0x01, 0x8C,
    0x01, 0x8C, 0x01, 0x8C, 0x01, 0x8C, 0x01, 0x8C, 0x01, 0x8C, 0x01, 0x8C, 0x01, 0x8C, 0x01, 0x8C,
    0x61, 0x9F, 0x61, 0x9F, 0x61, 0x9F, 0x13, 0xFF, 0x04, 0x9F, 0x0C, 0x7F, 0x0C, 0x7F, 0x0C, 0x7F,
    0x0C, 0x7F, 0x0C, 0x7F, 0x0C, 0x7F, 0x0C, 0x7F, 0x0C, 0x7F, 0x0C, 0x7F, 0x0C, 0x7F, 0x0C, 0x7F,
    0x0C, 0x7F, 0x0C, 0x7F, 0x0C, 0x7F, 0x0C, 0x7F, 0x0C, 0x7F, 0x0C, 0x7F, 0x0C, 0x7F, 0x0C, 0x7F,
    0x0C, 0x7F, 0x0C, 0x7F, 0x0C, 0x7F, 0x04, 0x9F, 0x0C, 0x7F, 0x5A, 0x1F, 0x61, 0x9F, 0x61, 0x9F,
    0x61, 0x9F, 0x99, 0x61, 0x9F, 0x61, 0x9F, 0x61, 0x9F, 0x61, 0x9F, 0x61, 0x9F, 0x61, 0x9F, 0x61,
    0x9F, 0x61, 0x9F, 0x61, 0x9F, 0x5A, 0x1F, 0x5A, 0x1F, 0x41, 0x97, 0x18, 0x68, 0x0A, 0x00, 0xC3,
    0x6A, 0xA8, 0xD5, 0x70, 0xD5, 0x70, 0xF6, 0x32, 0xFE, 0x73, 0xFE, 0x73, 0xFE, 0x73, 0xFE, 0x73,
    0xFE, 0x73, 0xFE, 0x73, 0xFD, 0x99, 0xFC, 0xFE, 0xFC, 0xFE, 0xFC, 0xFE, 0xFC, 0xFE, 0xFC, 0xFE,
    0xFC, 0xFE, 0xFC, 0xFE, 0xFC, 0xFE, 0xFC, 0xFE, 0xFC, 0xFE, 0xFC, 0xFE, 0xFC, 0xFE, 0xFC, 0xFE,
    0xFC, 0xFE, 0xFC, 0xFE, 0xFC, 0xFE, 0xFC, 0xFE, 0xFC, 0xFE, 0xFC, 0xFE, 0xFC, 0xFE, 0xFC, 0xFE,
    0xCB, 0xD9, 0x10, 0x62, 0x02, 0x00, 0x94, 0x31, 0xA6, 0x8C, 0x51, 0x8C, 0x51, 0x8C, 0x51, 0x9C,
    0xD3, 0x9C, 0xD3, 0x9C, 0xD3, 0x9C, 0xD3, 0x9C, 0xD3, 0x9C, 0xD3, 0x84, 0x02, 0x10, 0x80, 0xA2,
    0x2A, 0x00, 0x8D, 0x63, 0x2C, 0x9C, 0xD3, 0x9C, 0xD3, 0x8C, 0x51, 0x8C, 0x51, 0x8C, 0x51, 0x52,
    0xAA, 0x06, 0x00, 0xFF, 0x01, 0x6B, 0x01, 0xAD, 0x01, 0x8C, 0x01, 0x8C, 0x01, 0x8C, 0x01, 0x8C,
    0x01, 0x8C, 0x01, 0x8C, 0x01, 0x8C, 0x01, 0x8C, 0x01, 0x8C, 0x01, 0x8C, 0x01, 0x8C, 0x01, 0x8C,
    0x01, 0x8C, 0x01, 0x8C, 0x01, 0x8C, 0x01, 0x8C, 0x01, 0x8C, 0x01, 0x8C, 0x01, 0x8C, 0x01, 0x8C,
    0x01, 0x8C, 0x01, 0x8C, 0x01, 0x8C, 0x01, 0x8C, 0x01, 0x8C, 0x01, 0x8C, 0x01, 0x8C, 0x01, 0x8C,
    0x01, 0x8C, 0x61, 0x9F, 0x61, 0x9F, 0x61, 0x9F, 0x69, 0x3F, 0x69, 0x3F, 0x69, 0x3F, 0x69, 0x3F,
    0x69, 0x3F, 0x69, 0x3F, 0x69, 0x3F, 0x69, 0x3F, 0x69, 0x3F, 0x69, 0x3F, 0x69, 0x3F, 0x69, 0x3F,
    0x69, 0x3F, 0x69, 0x3F, 0x69, 0x3F, 0x69, 0x3F, 0x69, 0x3F, 0x69, 0x3F, 0x69, 0x3F, 0x69, 0x3F,
    0x69, 0x3F, 0x69, 0x3F, 0x69, 0x3F, 0x69, 0x3F, 0x69, 0x3F, 0x69, 0x3F, 0x61, 0x9F, 0x61, 0x9F,
    0x61, 0x9F, 0x61, 0x9F, 0x93, 0x61, 0x9F, 0x61, 0x9F, 0x61, 0x9F, 0x61, 0x9F, 0x61, 0x9F, 0x61,
    0x9F, 0x61, 0x9F, 0x61, 0x9F, 0x5A, 0x1F, 0x00, 0x84, 0x16, 0x00, 0xC1, 0x93, 0x8A, 0xF6, 0x32,
    0xFE, 0x73, 0xFE, 0x73, 0xFE, 0x73, 0xFE, 0x73, 0xFE, 0x73, 0xFE, 0x91, 0xFE, 0x91, 0xFE, 0x91,
    0xFE, 0x91, 0xFE, 0x91, 0xFE, 0x91, 0xFE, 0x91, 0xFE, 0x91, 0xFE, 0x91, 0xFE, 0x91, 0xFE, 0x91,
    0xFE, 0x91, 0xFE, 0x91, 0xFE, 0x91, 0xFE, 0x91, 0xFE, 0x91, 0xFE, 0x91, 0xFE, 0x91, 0xFE, 0x91,
    0xFE, 0x91, 0xFE, 0x91, 0xFE, 0x91, 0xFE, 0x91, 0xFE, 0xD4, 0xFE, 0xD4, 0xD5, 0x70, 0x06, 0x00,
    0xC1, 0x73, 0xAE, 0x9C, 0xD3, 0x9C, 0xD3, 0x9C, 0xD3, 0x9C, 0xD3, 0x9C, 0xD3, 0x9C, 0xD3, 0xA5,
    0x34, 0xA5, 0x34, 0xA5, 0x34, 0xA5, 0x34, 0xA5, 0x34, 0xA5, 0x34, 0xA5, 0x34, 0xA5, 0x34, 0xA5,
    0x34, 0xA5, 0x34, 0xA5, 0x34, 0xA5, 0x34, 0xA5, 0x34, 0xA5, 0x34, 0xA5, 0x34, 0xA5, 0x34, 0xA5,
    0x34, 0xA5, 0x34, 0xA5, 0x34, 0xA5, 0x34, 0xA5, 0x34, 0xA5, 0x34, 0x9C, 0xD3, 0x9C, 0xD3, 0x9C,
    0xD3, 0x21, 0x04, 0x05, 0x00, 0xFF, 0xC7, 0x01, 0xAD, 0x01, 0x8D, 0x01, 0x8D, 0x01, 0xAD, 0x01,
    0x8C, 0x01, 0x8C, 0x01, 0x8C, 0x01, 0x8C, 0x01, 0x8C, 0x01, 0x8C, 0x01, 0x8C, 0x01, 0x8C, 0x01,
    0x8C, 0x01, 0x8C, 0x01, 0x8C, 0x01, 0x8C, 0x01, 0x8C, 0x01, 0x8C, 0x01, 0x8C, 0x01, 0x8C, 0x01,
    0x8C, 0x01, 0x8C, 0x01, 0x8C, 0x01, 0x8C, 0x01, 0x8C, 0x01, 0x8C, 0x01, 0x8C, 0x01, 0x8C, 0x01,
    0x8C, 0x01, 0x8C, 0x01, 0x8C, 0x01, 0x8C, 0x01, 0x8C, 0x01, 0x8C, 0x61, 0x9F, 0x61, 0x9F, 0x61,
    0x9F, 0x61, 0x9F, 0x61, 0x9F, 0x61, 0x9F, 0x61, 0x9F, 0x61, 0x9F, 0x61, 0x9F, 0x61, 0x9F, 0x61,
    0x9F, 0x61, 0x9F, 0x61, 0x9F, 0x61, 0x9F, 0x61, 0x9F, 0x61, 0x9F, 0x61, 0x9F, 0x61, 0x9F, 0x61,
    0x9F, 0x61, 0x9F, 0x61, 0x9F, 0x61, 0x9F, 0x61, 0x9F, 0x61, 0x9F, 0x61, 0x9F, 0x61, 0x9F, 0x61,
    0x9F, 0x61, 0x9F, 0x61, 0x9F, 0x61, 0x9A, 0x9F, 0x61, 0x9F, 0x61, 0x9F, 0x61, 0x9F, 0x61, 0x9F,
    0x61, 0x9F, 0x61, 0x9F, 0x61, 0x9F, 0x61, 0x9F, 0x61, 0x9F, 0x61, 0x9F, 0x61, 0x9F, 0x5A, 0x1F,
    0x18, 0x68, 0x16, 0x00, 0xC1, 0x93, 0x8A, 0xEE, 0x32, 0xFE, 0x73, 0xFE, 0x73, 0xFE, 0x73, 0xFE,
    0x73, 0xFE, 0x73, 0xFE, 0x73, 0xFE, 0x73, 0xFE, 0x73, 0xFE, 0x73, 0xFE, 0x73, 0xFE, 0x73, 0xFE,
    0x73, 0xFE, 0x73, 0xFE, 0x73, 0xFE, 0x73, 0xFE, 0x73, 0xFE, 0x73, 0xFE, 0x73, 0xFE, 0x73, 0xFE,
    0x73, 0xFE, 0x73, 0xFE, 0x73, 0xFE, 0x73, 0xFE, 0x73, 0xFE, 0x73, 0xFE, 0x73, 0xFE, 0x73, 0xFE,
    0x73, 0xFE, 0x73, 0xFE, 0xD4, 0xAC, 0x2C, 0x04, 0x00, 0xC3, 0x21, 0x04, 0x84, 0x10, 0x9C, 0xD3,
    0x9C, 0xD3, 0x9C, 0xD3, 0x9C, 0xD3, 0x9C, 0xD3, 0x9C, 0xD3, 0x9C, 0xD3, 0x9C, 0xD3, 0x9C, 0xD3,
    0x9C, 0xD3, 0x9C, 0xD3, 0x9C, 0xD3, 0x9C, 0xD3, 0x9C, 0xD3, 0x9C, 0xD3, 0x9C, 0xD3, 0x9C, 0xD3,
    0x9C, 0xD3, 0x9C, 0xD3, 0x9C, 0xD3, 0x9C, 0xD3, 0x9C, 0xD3, 0x9C, 0xD3, 0x9C, 0xD3, 0x9C, 0xD3,
    0x9C, 0xD3, 0x9C, 0xD3, 0x9C, 0xD3, 0x9C, 0xD3, 0x9C, 0xD3, 0x9C, 0xD3, 0x31, 0xA6, 0x05, 0x00,
    0xFF, 0xC6, 0x01, 0x8C, 0x01, 0x8C, 0x01, 0x8C, 0x01, 0x8C, 0x01, 0x8C, 0x01, 0x8C, 0x01, 0x8C,
    0x01, 0x8C, 0x01, 0x8C, 0x01, 0x8C, 0x01, 0x8C, 0x01, 0x8C, 0x01, 0x8C, 0x01, 0x8C, 0x01, 0x8C,
    0x01, 0x8C, 0x01, 0x8C, 0x01, 0x8C, 0x01, 0x8C, 0x01, 0x8C, 0x01, 0x8C, 0x01, 0x8C, 0x01, 0x8C,
    0x01, 0x8C, 0x01, 0x8C, 0x01, 0x8C, 0x01, 0x8C, 0x01, 0x8C, 0x01, 0x8C, 0x01, 0x8C, 0x01, 0x8C,
    0x01, 0x8C, 0x01, 0x8C, 0x01, 0x8C, 0x61, 0x9F, 0x61, 0x9F, 0x61, 0x9F, 0x61, 0x9F, 0x61, 0x9F,
    0x61, 0x9F, 0x61, 0x9F, 0x61, 0x9F, 0x61, 0x9F, 0x61, 0x9F, 0x61, 0x9F, 0x61, 0x9F, 0x61, 0x9F,
    0x61, 0x9F, 0x61, 0x9F, 0x61, 0x9F, 0x61, 0x9F, 0x61, 0x9F, 0x61, 0x9F, 0x61, 0x9F, 0x61, 0x9F,
    0x61, 0x9F, 0x61, 0x9F, 0x61, 0x9F, 0x61, 0x9F, 0x61, 0x9F, 0x61, 0x9F, 0x61, 0x9F, 0x61, 0x9F,
    0x61, 0xAA, 0x9F, 0x61, 0x9F, 0x61, 0x9F, 0x61, 0x9F, 0x61, 0x9F, 0x61, 0x9F, 0x61, 0x9F, 0x61,
    0x9F, 0x61, 0x9F, 0x61, 0x9F, 0x5A, 0x1F, 0x5A, 0x1F, 0x51, 0x59, 0x18, 0x68, 0x10, 0xA2, 0x10,
    0xA2, 0x10, 0xA2, 0x10, 0xA2, 0x10, 0xA2, 0x10, 0xA2, 0x10, 0xA2, 0x10, 0xA2, 0x06, 0x00, 0xC1,
    0x93, 0x8A, 0xEE, 0x32, 0xEE, 0x32, 0xEE, 0x32, 0xEE, 0x32, 0xEE, 0x32, 0xEE, 0x32, 0xEE, 0x32,
    0xEE, 0x32, 0xEE, 0x32, 0xEE, 0x32, 0xEE, 0x32, 0xEE, 0x32, 0xEE, 0x32, 0xEE, 0x32, 0xEE, 0x32,
    0xEE, 0x32, 0xEE, 0x32, 0xEE, 0x32, 0xEE, 0x32, 0xEE, 0x32, 0xEE, 0x32, 0xEE, 0x32, 0xEE, 0x32,
    0xEE, 0x32, 0xEE, 0x32, 0xEE, 0x32, 0xEE, 0x32, 0xEE, 0x32, 0xEE, 0x32, 0xEE, 0x32, 0xEE, 0x32,
    0xAC, 0x2C, 0x04, 0x00, 0xC3, 0x10, 0xA2, 0x73, 0xAE, 0x9C, 0xD3, 0x9C, 0xD3, 0x9C, 0xD3, 0x9C,
    0xD3, 0x9C, 0xD3, 0x9C, 0xD3, 0x9C, 0xD3, 0x9C, 0xD3, 0x9C, 0xD3, 0x9C, 0xD3, 0x9C, 0xD3, 0x9C,
    0xD3, 0x9C, 0xD3, 0x9C, 0xD3, 0x9C, 0xD3, 0x9C, 0xD3, 0x9C, 0xD3, 0x9C, 0xD3, 0x9C, 0xD3, 0x9C,
    0xD3, 0x9C, 0xD3, 0x9C, 0xD3, 0x9C, 0xD3, 0x9C, 0xD3, 0x9C, 0xD3, 0x9C, 0xD3, 0x9C, 0xD3, 0x9C,
    0xD3, 0x9C, 0xD3, 0x9C, 0xD3, 0x9C, 0xD3, 0x31, 0xA6, 0x05, 0x00, 0xFF, 0xC6, 0x01, 0x6B, 0x01,
    0xAD, 0x01, 0x8C, 0x01, 0x8C, 0x01, 0x8C, 0x01, 0x8C, 0x01, 0x8C, 0x01, 0x8C, 0x01, 0x8C, 0x01,
    0x8C, 0x01, 0x8C, 0x01, 0x8C, 0x01, 0x8C, 0x01, 0x8C, 0x01, 0x8C, 0x01, 0x8C, 0x01, 0x8C, 0x01,
    0x8C, 0x01, 0x8C, 0x01, 0x8C, 0x01, 0x8C, 0x01, 0x8C, 0x01, 0x8C, 0x01, 0x8C, 0x01, 0x8C, 0x01,
    0x8C, 0x01, 0x8C, 0x01, 0x8C, 0x01, 0x8C, 0x01, 0x8C, 0x01, 0x8C, 0x01, 0x8C, 0x01, 0x8C, 0x01,
    0x8C, 0x61, 0x9F, 0x61, 0x9F, 0x61, 0x9F, 0x61, 0x9F, 0x61, 0x9F, 0x61, 0x9F, 0x61, 0x9F, 0x61,
    0x9F, 0x61, 0x9F, 0x61, 0x9F, 0x61, 0x9F, 0x61, 0x9F, 0x61, 0x9F, 0x61, 0x9F, 0x61, 0x9F, 0x61,
    0x9F, 0x61, 0x9F, 0x61, 0x9F, 0x61, 0x9F, 0x61, 0x9F, 0x61, 0x9F, 0x61, 0x9F, 0x61, 0x9F, 0x61,
    0x9F, 0x61, 0x9F, 0x61, 0x9F, 0x61, 0x9F, 0x61, 0x9F, 0x61, 0x9F, 0x61, 0xAC, 0x9F, 0x61, 0x9F,
    0x61, 0x9F, 0x61, 0x9F, 0x61, 0x9F, 0x61, 0x9F, 0x61, 0x9F, 0x61, 0x9F, 0x61, 0x9F, 0x51, 0x59,
    0x28, 0xAD, 0x28, 0xAD, 0x28, 0xAD, 0x52, 0xAA, 0x73, 0xAE, 0x63, 0x2C, 0x73, 0xAE, 0x63, 0x2C,
    0x73, 0xAE, 0x63, 0x2C, 0x73, 0xAE, 0x73, 0xAE, 0x52, 0xAA, 0x04, 0x00, 0xC1, 0x4A, 0x27, 0x6A,
    0xA8, 0x6A, 0xA8, 0x6A, 0xA8, 0x6A, 0xA8, 0x6A, 0xA8, 0x6A, 0xA8, 0x6A, 0xA8, 0x6A, 0xA8, 0x6A,
    0xA8, 0x6A, 0xA8, 0x6A, 0xA8, 0x6A, 0xA8, 0x6A, 0xA8, 0x6A, 0xA8, 0x6A, 0xA8, 0x6A, 0xA8, 0x6A,
    0xA8, 0x6A, 0xA8, 0x6A, 0xA8, 0x6A, 0xA8, 0x6A, 0xA8, 0x6A, 0xA8, 0x6A, 0xA8, 0x6A, 0xA8, 0x6A,
    0xA8, 0x6A, 0xA8, 0x6A, 0xA8, 0x6A, 0xA8, 0x6A, 0xA8, 0x6A, 0xA8, 0x6A, 0xA8, 0x4A, 0x27, 0x06,
    0x00, 0xFF, 0x31, 0xA6, 0x42, 0x08, 0x42, 0x08, 0x42, 0x08, 0x42, 0x08, 0x42, 0x08, 0x42, 0x08,
    0x42, 0x08, 0x42, 0x08, 0x42, 0x08, 0x42, 0x08, 0x42, 0x08, 0x42, 0x08, 0x42, 0x08, 0x42, 0x08,
    0x42, 0x08, 0x42, 0x08, 0x42, 0x08, 0x42, 0x08, 0x42, 0x08, 0x42, 0x08, 0x42, 0x08, 0x42, 0x08,
    0x42, 0x08, 0x42, 0x08, 0x42, 0x08, 0x42, 0x08, 0x42, 0x08, 0x42, 0x08, 0x42, 0x08, 0x42, 0x08,
    0x42, 0x08, 0x19, 0x47, 0x01, 0x4A, 0x01, 0x4A, 0x01, 0x4A, 0x01, 0x8C, 0x01, 0x8C, 0x01, 0x8C,
    0x01, 0x8C, 0x01, 0x8C, 0x01, 0x8C, 0x01, 0x8C, 0x01, 0x8C, 0x01, 0x8C, 0x01, 0x8C, 0x01, 0x8C,
    0x01, 0x8C, 0x01, 0x8C, 0x01, 0x8C, 0x01, 0x8C, 0x01, 0x8C, 0x01, 0x8C, 0x01, 0x8C, 0x01, 0x8C,
    0x01, 0x8C, 0x01, 0x8C, 0x01, 0x8C, 0x01, 0x8C, 0x01, 0x8C, 0x01, 0x8C, 0x01, 0x8C, 0x01, 0x8C,
    0x01, 0x8C, 0xD9, 0x01, 0x8C, 0x01, 0x8C, 0x01, 0x8C, 0x01, 0x8C, 0x01, 0x8C, 0x01, 0x8C, 0x61,
    0x9F, 0x61, 0x9F, 0x61, 0x9F, 0x61, 0x9F, 0x61, 0x9F, 0x61, 0x9F, 0x61, 0x9F, 0x61, 0x9F, 0x61,
    0x9F, 0x61, 0x9F, 0x61, 0x9F, 0x61, 0x9F, 0x61, 0x9F, 0x61, 0x9F, 0x61, 0x9F, 0x61, 0x9F, 0x61,
    0x9F, 0x61, 0x9F, 0x61, 0x9F, 0x61, 0x9F, 0x61, 0x9F, 0x61, 0x9F, 0x61, 0x9F, 0x61, 0x9F, 0x61,
    0x9F, 0x61, 0x9F, 0x61, 0x9F, 0x61, 0x9F, 0x61, 0x9F, 0x61, 0x9F, 0x61, 0x9F, 0x61, 0x9F, 0x61,
    0x9F, 0x61, 0x9F, 0x61, 0x9F, 0x61, 0x9F, 0x61, 0x9F, 0x61, 0x9F, 0x41, 0x97, 0x04, 0x00, 0x95,
    0x10, 0xA2, 0x84, 0x10, 0xA5, 0x34, 0x9C, 0xD3, 0xA5, 0x34, 0xA5, 0x34, 0xA5, 0x34, 0x9C, 0xD3,
    0x9C, 0xD3, 0xA5, 0x34, 0x73, 0xAE, 0x7F, 0x00, 0x0E, 0x00, 0xFF, 0xC7, 0x01, 0x8D, 0x01, 0x8D,
    0x01, 0xAD, 0x01, 0x8C, 0x01, 0x8C, 0x01, 0x8C, 0x01, 0x8C, 0x01, 0x8C, 0x01, 0x8C, 0x01, 0x8C,
    0x01, 0x8C, 0x01, 0x8C, 0x01, 0x8C, 0x01, 0x8C, 0x01, 0x8C, 0x01, 0x8C, 0x01, 0x8C, 0x01, 0x8C,
    0x01, 0x8C, 0x01, 0x8C, 0x01, 0x8C, 0x01, 0x8C, 0x01, 0x8C, 0x01, 0x8C, 0x01, 0x8C, 0x01, 0x8C,
    0x01, 0x8C, 0x01, 0x8C, 0x01, 0x8C, 0x01, 0x8C, 0x01, 0x8C, 0x01, 0x8C, 0x01, 0x8C, 0x01, 0x8C,
    0x01, 0x8C, 0x01, 0x8C, 0x01, 0x8C, 0x71, 0x9F, 0x71, 0x9F, 0x71, 0x9F, 0x61, 0x9F, 0x61, 0x9F,
    0x61, 0x9F, 0x61, 0x9F, 0x61, 0x9F, 0x61, 0x9F, 0x61, 0x9F, 0x61, 0x9F, 0x61, 0x9F, 0x61, 0x9F,
    0x61, 0x9F, 0x61, 0x9F, 0x61, 0x9F, 0x61, 0x9F, 0x61, 0x9F, 0x61, 0x9F, 0x61, 0x9F, 0x61, 0x9F,
    0x61, 0x9F, 0x61, 0x9F, 0x61, 0x9F, 0x61, 0x9F, 0x61, 0x9F, 0x61, 0x9A, 0x9F, 0x61, 0x9F, 0x61,
    0x9F, 0x71, 0x9F, 0x71, 0x9F, 0x71, 0x9F, 0x71, 0x9F, 0x71, 0x9F, 0x71, 0x9F, 0x71, 0x9F, 0x71,
    0x9F, 0x71, 0x9F, 0x41, 0x97, 0x10, 0x62, 0x02, 0x00, 0x95, 0x10, 0xA2, 0x73, 0xAE, 0x9C, 0xD3,
    0x9C, 0xD3, 0x9C, 0xD3, 0x9C, 0xD3, 0x9C, 0xD3, 0x9C, 0xD3, 0xA5, 0x34, 0xA5, 0x34, 0x73, 0xAE,
    0x7B, 0x00, 0x84, 0x63, 0x00, 0x63, 0x00, 0x63, 0x0C, 0x00, 0xFF, 0x01, 0x4A, 0x01, 0xAD, 0x01,
    0x8C, 0x01, 0x8C, 0x01, 0x8C, 0x01, 0x8C, 0x01, 0x8C, 0x01, 0x8C, 0x01, 0x8C, 0x01, 0x8C, 0x01,
    0x8C, 0x01, 0x8C, 0x01, 0x8C, 0x01, 0x8C, 0x01, 0x8C, 0x01, 0x8C, 0x01, 0x8C, 0x01, 0x8C, 0x01,
    0x8C, 0x01, 0x8C, 0x01, 0x8C, 0x01, 0x8C, 0x01, 0x8C, 0x01, 0x8C, 0x01, 0x8C, 0x01, 0x8C, 0x01,
    0x8C, 0x01, 0x8C, 0x01, 0x8C, 0x01, 0x8C, 0x01, 0x8C, 0x01, 0x8C, 0x01, 0x8C, 0x01, 0x8C, 0x01,
    0x8C, 0x01, 0x8C, 0x01, 0x8C, 0x01, 0x8C, 0x41, 0x97, 0x41, 0x97, 0x41, 0x97, 0x61, 0x9F, 0x61,
    0x9F, 0x61, 0x9F, 0x61, 0x9F, 0x61, 0x9F, 0x61, 0x9F, 0x61, 0x9F, 0x61, 0x9F, 0x61, 0x9F, 0x61,
    0x9F, 0x61, 0x9F, 0x61, 0x9F, 0x61, 0x9F, 0x61, 0x9F, 0x61, 0x9F, 0x61, 0x9F, 0x61, 0x9F, 0x61,
    0x9F, 0x61, 0x9F, 0x61, 0x9F, 0x61, 0x9F, 0x61, 0x9F, 0x61, 0x9F, 0x99, 0x61, 0x9F, 0x61, 0x9F,
    0x61, 0x9F, 0x41, 0x99, 0x41, 0x97, 0x41, 0x97, 0x41, 0x97, 0x41, 0x97, 0x41, 0x97, 0x41, 0x97,
    0x41, 0x97, 0x41, 0x97, 0x29, 0x10, 0x04, 0x00, 0x9B, 0x10, 0xA2, 0x73, 0xAE, 0xA5, 0x34, 0x9C,
    0xD3, 0x9C, 0xD3, 0x9C, 0xD3, 0x9C, 0xD3, 0x73, 0xAE, 0x63, 0x2C, 0x63, 0x2C, 0x4A, 0x49, 0x00,
    0xC6, 0x00, 0xC6, 0x00, 0x63, 0x06, 0x00, 0x8D, 0x4A, 0x49, 0x4A, 0x49, 0x4A, 0x49, 0x4A, 0x49,
    0x4A, 0x49, 0x4A, 0x49, 0x31, 0xA6, 0x05, 0x00, 0xA8, 0x63, 0x00, 0xC6, 0x00, 0xC6, 0x00, 0xC6,
    0x00, 0xC6, 0x00, 0xC6, 0x00, 0xC6, 0x00, 0xC6, 0x00, 0xC6, 0x00, 0xC6, 0x00, 0xC6, 0x00, 0xC6,
    0x00, 0xC6, 0x00, 0xC6, 0x00, 0xC6, 0x00, 0xC6, 0x00, 0xC6, 0x00, 0xC6, 0x00, 0xC6, 0x00, 0xC6,
    0x00, 0x63, 0x04, 0x00, 0x8D, 0x31, 0xA6, 0x4A, 0x49, 0x4A, 0x49, 0x4A, 0x49, 0x4A, 0x49, 0x4A,
    0x49, 0x42, 0x08, 0x05, 0x00, 0x86, 0x63, 0x00, 0xC6, 0x00, 0xC6, 0x00, 0xC6, 0x06, 0x00, 0xFF,
    0x21, 0x04, 0x4A, 0x49, 0x4A, 0x49, 0x4A, 0x49, 0x4A, 0xCE, 0x4A, 0xCE, 0x31, 0xE8, 0x00, 0xC6,
    0x00, 0xC6, 0x00, 0xC6, 0x01, 0x4A, 0x01, 0x6B, 0x01, 0x6B, 0x01, 0x6B, 0x01, 0x6B, 0x01, 0x6B,
    0x01, 0x6B, 0x01, 0x8C, 0x01, 0x8C, 0x01, 0x8C, 0x01, 0x8C, 0x01, 0x8C, 0x01, 0x8C, 0x01, 0x8C,
    0x01, 0x8C, 0x01, 0x8C, 0x01, 0x8C, 0x01, 0x8C, 0x01, 0x8C, 0x01, 0x8C, 0x01, 0x8C, 0x01, 0x8C,
    0x01, 0x8C, 0x01, 0x8C, 0x01, 0x8C, 0x01, 0x8C, 0x01, 0x8C, 0x01, 0x8C, 0x01, 0x8C, 0x01, 0x8C,
    0x01, 0x8C, 0x01, 0x8C, 0x01, 0x8C, 0x01, 0x8C, 0x01, 0x8C, 0x01, 0x8C, 0x01, 0x8C, 0x01, 0x8C,
    0x01, 0x8C, 0x01, 0x8C, 0x01, 0x8C, 0x01, 0x8C, 0x01, 0x8C, 0x01, 0x8C, 0x01, 0x6B, 0x01, 0x6B,
    0x01, 0x8A, 0x51, 0x59, 0x61, 0x9F, 0x61, 0x9F, 0x61, 0x9F, 0x61, 0x9F, 0x61, 0x9F, 0x61, 0x9F,
    0xB9, 0x61, 0x9F, 0x61, 0x9F, 0x61, 0x9F, 0x61, 0x9F, 0x61, 0x9F, 0x61, 0x9F, 0x61, 0x9F, 0x61,
    0x9F, 0x61, 0x9F, 0x61, 0x9F, 0x61, 0x9F, 0x61, 0x9F, 0x61, 0x9F, 0x61, 0x9F, 0x61, 0x9F, 0x61,
    0x9F, 0x61, 0x9F, 0x61, 0x9F, 0x61, 0x9F, 0x01, 0x8F, 0x01, 0x6B, 0x01, 0x6B, 0x01, 0x6B, 0x01,
    0x6B, 0x01, 0x6B, 0x01, 0x6B, 0x01, 0x6B, 0x01, 0x8C, 0x00, 0xC7, 0x04, 0x00, 0x8F, 0x10, 0xA2,
    0x73, 0xAE, 0x9C, 0xD3, 0x9C, 0xD3, 0x9C, 0xD3, 0x9C, 0xD3, 0x9C, 0xD3, 0x31, 0xA6, 0x05, 0x00,
    0x86, 0x84, 0x01, 0x8C, 0x01, 0xAD, 0x00, 0xC7, 0x06, 0x00, 0x8F, 0x9C, 0xD3, 0x9C, 0xD3, 0x9C,
    0xD3, 0x9C, 0xD3, 0x9C, 0xD3, 0xA5, 0x34, 0x63, 0x2C, 0x10, 0xA2, 0x03, 0x00, 0xA8, 0xC6, 0x01,
    0x8D, 0x01, 0x8C, 0x01, 0xAD, 0x01, 0xAD, 0x01, 0xAD, 0x01, 0xAD, 0x01, 0xAD, 0x01, 0xAD, 0x01,
    0xAD, 0x01, 0xAD, 0x01, 0xAD, 0x01, 0xAD, 0x01, 0xAD, 0x01, 0xAD, 0x01, 0xAD, 0x01, 0xAD, 0x01,
    0xAD, 0x01, 0xAD, 0x01, 0xAD, 0x00, 0x84, 0x02, 0x00, 0x8F, 0x21, 0x04, 0x84, 0x10, 0x9C, 0xD3,
    0x9C, 0xD3, 0x9C, 0xD3, 0x9C, 0xD3, 0x9C, 0xD3, 0x84, 0x10, 0x05, 0x00, 0x86, 0xC6, 0x01, 0x8C,
    0x01, 0xAD, 0x01, 0x8C, 0x06, 0x00, 0x8D, 0x52, 0xAA, 0x9C, 0xD3, 0x9C, 0xD3, 0x9C, 0xD3, 0x9C,
    0xD3, 0xA5, 0x34, 0x63, 0x2C, 0x05, 0x00, 0xFF, 0x63, 0x01, 0x4A, 0x01, 0xAD, 0x01, 0x8C, 0x01,
    0xAD, 0x01, 0xAD, 0x01, 0xAD, 0x01, 0x8C, 0x01, 0x8C, 0x01, 0x8C, 0x01, 0x8C, 0x01, 0x8C, 0x01,
    0x8C, 0x01, 0x8C, 0x01, 0x8C, 0x01, 0x8C, 0x01, 0x8C, 0x01, 0x8C, 0x01, 0x8C, 0x01, 0x8C, 0x01,
    0x8C, 0x01, 0x8C, 0x01, 0x8C, 0x01, 0x8C, 0x01, 0x8C, 0x01, 0x8C, 0x01, 0x8C, 0x01, 0x8C, 0x01,
    0x8C, 0x01, 0x8C, 0x01, 0x8C, 0x01, 0x8C, 0x01, 0x8C, 0x01, 0x8C, 0x01, 0x8C, 0x01, 0x8C, 0x01,
    0x8C, 0x01, 0x8C, 0x01, 0x8C, 0x01, 0x8C, 0x01, 0x8C, 0x01, 0x8C, 0x01, 0x8C, 0x01, 0x8C, 0x01,
    0x8C, 0x01, 0x8C, 0x01, 0x8C, 0x01, 0x6B, 0x61, 0x9F, 0x71, 0x9F, 0x71, 0x9F, 0x71, 0x9F, 0x71,
    0x9F, 0x71, 0x9F, 0x71, 0x9F, 0x71, 0x9F, 0x71, 0x9F, 0x71, 0x9F, 0x71, 0x9F, 0x71, 0x9F, 0x71,
    0x9F, 0x71, 0x9F, 0x71, 0x9F, 0x71, 0x9F, 0x71, 0xA6, 0x9F, 0x71, 0x9F, 0x71, 0x9F, 0x71, 0x9F,
    0x71, 0x9F, 0x71, 0x9F, 0x71, 0x9F, 0x71, 0x9F, 0x71, 0x9F, 0x61, 0x9F, 0x29, 0x10, 0x01, 0x6B,
    0x01, 0xAD, 0x01, 0x8C, 0x01, 0x8C, 0x01, 0x8C, 0x01, 0x8C, 0x01, 0x8C, 0x01, 0x8D, 0x00, 0xC7,
    0x04, 0x00, 0x8F, 0x21, 0x04, 0x84, 0x10, 0xB5, 0xB6, 0xA5, 0x34, 0xA5, 0x34, 0xA5, 0x34, 0xB5,
    0xB6, 0x31, 0xA6, 0x05, 0x00, 0x86, 0x84, 0x01, 0x6B, 0x01, 0x8C, 0x00, 0xC6, 0x06, 0x00, 0x8F,
    0xA5, 0x34, 0xA5, 0x34, 0xA5, 0x34, 0xA5, 0x34, 0xA5, 0x34, 0xB5, 0xB6, 0x73, 0xAE, 0x10, 0xA2,
    0x03, 0x00, 0xA8, 0xC6, 0x01, 0xAD, 0x01, 0x8C, 0x01, 0x8C, 0x01, 0x8C, 0x01, 0x8C, 0x01, 0x8C,
    0x01, 0x8C, 0x01, 0x8C, 0x01, 0x8C, 0x01, 0x8C, 0x01, 0x8C, 0x01, 0x8C, 0x01, 0x8C, 0x01, 0x8C,
    0x01, 0x8C, 0x01, 0x8C, 0x01, 0x8C, 0x01, 0x8C, 0x01, 0x8C, 0x00, 0x84, 0x02, 0x00, 0x8F, 0x10,
    0xA2, 0x8C, 0x51, 0xA5, 0x34, 0xA5, 0x34, 0xA5, 0x34, 0xA5, 0x34, 0xA5, 0x34, 0x8C, 0x51, 0x05,
    0x00, 0x86, 0xC6, 0x01, 0x8C, 0x01, 0xAD, 0x01, 0x6B, 0x06, 0x00, 0x8D, 0x63, 0x2C, 0xA5, 0x34,
    0xA5, 0x34, 0xA5, 0x34, 0xA5, 0x34, 0xB5, 0xB6, 0x73, 0xAE, 0x05, 0x00, 0xFF, 0x63, 0x01, 0x4A,
    0x01, 0xAD, 0x01, 0x8C, 0x01, 0x8C, 0x01, 0x8C, 0x01, 0x8C, 0x01, 0x8C, 0x01, 0x8C, 0x01, 0x8C,
    0x01, 0x8C, 0x01, 0x8C, 0x01, 0x8C, 0x01, 0x8C, 0x01, 0x8C, 0x01, 0x8C, 0x01, 0x8C, 0x01, 0x8C,
    0x01, 0x8C, 0x01, 0x8C, 0x01, 0x8C, 0x01, 0x8C, 0x01, 0x8C, 0x01, 0x8C, 0x01, 0x8C, 0x01, 0x8C,
    0x01, 0x8C, 0x01, 0x8C, 0x01, 0x8C, 0x01, 0x8C, 0x01, 0x8C, 0x01, 0x8C, 0x01, 0x8C, 0x01, 0x8C,
    0x01, 0x8C, 0x01, 0x8C, 0x01, 0x8C, 0x01, 0x8C, 0x01, 0x8C, 0x01, 0x8C, 0x01, 0x8C, 0x01, 0x8C,
    0x01, 0x8C, 0x01, 0x8C, 0x01, 0x8C, 0x01, 0x8C, 0x01, 0x8C, 0x01, 0x6B, 0x29, 0x95, 0x29, 0x95,
    0x29, 0x95, 0x29, 0x95, 0x29, 0x95, 0x29, 0x95, 0x29, 0x95, 0x29, 0x95, 0x29, 0x95, 0x29, 0x95,
    0x29, 0x95, 0x29, 0x95, 0x29, 0x95, 0x29, 0x95, 0x29, 0x95, 0x29, 0x95, 0x29, 0xA6, 0x95, 0x29,
    0x95, 0x29, 0x95, 0x29, 0x95, 0x29, 0x95, 0x29, 0x95, 0x29, 0x95, 0x29, 0x95, 0x29, 0x95, 0x29,
    0x95, 0x01, 0x8F, 0x01, 0x6B, 0x01, 0x8C, 0x01, 0x8C, 0x01, 0x8C, 0x01, 0x8C, 0x01, 0x8C, 0x01,
    0x8C, 0x01, 0x8D, 0x00, 0xC7, 0x06, 0x00, 0xAD, 0x31, 0xA6, 0x4A, 0x49, 0x4A, 0x49, 0x4A, 0x49,
    0x4A, 0x49, 0x4A, 0x49, 0x19, 0x47, 0x00, 0xC6, 0x00, 0xC6, 0x00, 0xC7, 0x01, 0x8C, 0x01, 0xAD,
    0x01, 0x4A, 0x00, 0xC6, 0x00, 0xC6, 0x00, 0xC6, 0x4A, 0x49, 0x4A, 0x49, 0x4A, 0x49, 0x4A, 0x49,
    0x4A, 0x49, 0x4A, 0x49, 0x31, 0xA6, 0x05, 0x00, 0xBA, 0xC6, 0x01, 0x8D, 0x01, 0x8C, 0x01, 0x8C,
    0x01, 0x8C, 0x01, 0x8C, 0x01, 0x8C, 0x01, 0x8C, 0x01, 0x8C, 0x01, 0x8C, 0x01, 0x8C, 0x01, 0x8C,
    0x01, 0x8C, 0x01, 0x8C, 0x01, 0x8C, 0x01, 0x8C, 0x01, 0x8C, 0x01, 0x8C, 0x01, 0x8C, 0x01, 0x8C,
    0x00, 0xC7, 0x00, 0xC6, 0x00, 0xC6, 0x31, 0xE8, 0x4A, 0x49, 0x4A, 0x49, 0x4A, 0x49, 0x4A, 0x49,
    0x4A, 0x49, 0x31, 0xA6, 0x05, 0x00, 0x9A, 0xC6, 0x01, 0x8C, 0x01, 0xAD, 0x01, 0x8C, 0x00, 0xC6,
    0x00, 0xC6, 0x00, 0xC6, 0x31, 0xE8, 0x4A, 0x49, 0x4A, 0x49, 0x4A, 0x49, 0x42, 0x08, 0x4A, 0x49,
    0x31, 0xA6, 0x05, 0x00, 0xFF, 0x63, 0x01, 0x4A, 0x01, 0xAD, 0x01, 0x8C, 0x01, 0x8C, 0x01, 0x8C,
    0x01, 0x8C, 0x01, 0x8C, 0x01, 0x8C, 0x01, 0x8C, 0x01, 0x8C, 0x01, 0x8C, 0x01, 0x8C, 0x01, 0x8C,
    0x01, 0x8C, 0x01, 0x8C, 0x01, 0x8C, 0x01, 0x8C, 0x01, 0x8C, 0x01, 0x8C, 0x01, 0x8C, 0x01, 0x8C,
    0x01, 0x8C, 0x01, 0x8C, 0x01, 0x8C, 0x01, 0x8C, 0x01, 0x8C, 0x01, 0x8C, 0x01, 0x8C, 0x01, 0x8C,
    0x01, 0x8C, 0x01, 0x8C, 0x01, 0x8C, 0x01, 0x8C, 0x01, 0x8C, 0x01, 0x8C, 0x01, 0x8C, 0x01, 0x8C,
    0x01, 0x8C, 0x01, 0x8C, 0x01, 0x8C, 0x01, 0x8C, 0x01, 0x8C, 0x01, 0x8C, 0x01, 0x8C, 0x01, 0x8C,
    0x01, 0x8C, 0x01, 0x8C, 0x01, 0x8A, 0x01, 0x8A, 0x01, 0x8A, 0x01, 0x8A, 0x01, 0x8A, 0x01, 0x8A,
    0x01, 0x8A, 0x01, 0x8A, 0x01, 0x8A, 0x01, 0x8A, 0x01, 0x8A, 0x01, 0x8A, 0x01, 0x8A, 0x01, 0x8A,
    0x01, 0x8A, 0x01, 0x8A, 0x01, 0xA6, 0x8A, 0x01, 0x8A, 0x01, 0x8A, 0x01, 0x8A, 0x01, 0x8A, 0x01,
    0x8A, 0x01, 0x8A, 0x01, 0x8A, 0x01, 0x8A, 0x01, 0x8A, 0x01, 0x6B, 0x01, 0x8C, 0x01, 0x8C, 0x01,
    0x8C, 0x01, 0x8C, 0x01, 0x8C, 0x01, 0x8C, 0x01, 0x8C, 0x01, 0x8D, 0x00, 0xC7, 0x13, 0x00, 0x92,
    0xC7, 0x01, 0x8D, 0x01, 0x8D, 0x01, 0xAD, 0x01, 0x8C, 0x01, 0x8C, 0x01, 0x8D, 0x01, 0x8D, 0x01,
    0x8D, 0x01, 0x6B, 0x13, 0x00, 0xAE, 0xC6, 0x01, 0xAD, 0x01, 0x8C, 0x01, 0x8C, 0x01, 0x8C, 0x01,
    0x8C, 0x01, 0x8C, 0x01, 0x8C, 0x01, 0x8C, 0x01, 0x8C, 0x01, 0x8C, 0x01, 0x8C, 0x01, 0x8C, 0x01,
    0x8C, 0x01, 0x8C, 0x01, 0x8C, 0x01, 0x8C, 0x01, 0x8C, 0x01, 0x8C, 0x01, 0x8C, 0x01, 0xAD, 0x01,
    0x8D, 0x01, 0x8C, 0x00, 0x84, 0x11, 0x00, 0x8E, 0xC6, 0x01, 0x8C, 0x01, 0x8C, 0x01, 0x8C, 0x01,
    0x8D, 0x01, 0x8D, 0x01, 0x8D, 0x00, 0xC7, 0x11, 0x00, 0xFF, 0x63, 0x01, 0x4A, 0x01, 0xAD, 0x01,
    0x8C, 0x01, 0x8C, 0x01, 0x8C, 0x01, 0x8C, 0x01, 0x8C, 0x01, 0x8C, 0x01, 0x8C, 0x01, 0x8C, 0x01,
    0x8C, 0x01, 0x8C, 0x01, 0x8C, 0x01, 0x8C, 0x01, 0x8C, 0x01, 0x8C, 0x01, 0x8C, 0x01, 0x8C, 0x01,
    0x8C, 0x01, 0x8C, 0x01, 0x8C, 0x01, 0x8C, 0x01, 0x8C, 0x01, 0x8C, 0x01, 0x8C, 0x01, 0x8C, 0x01,
    0x8C, 0x01, 0x8C, 0x01, 0x8C, 0x01, 0x8C, 0x01, 0x8C, 0x01, 0x8C, 0x01, 0x8C, 0x01, 0x8C, 0x01,
    0x8C, 0x01, 0x8C, 0x01, 0x8C, 0x01, 0x8C, 0x01, 0x8C, 0x01, 0x8C, 0x01, 0x8C, 0x01, 0x8C, 0x01,
    0x8C, 0x01, 0x8C, 0x01, 0x8C, 0x01, 0x8C, 0x01, 0x8C, 0x01, 0x8D, 0x01, 0x8D, 0x01, 0x8D, 0x01,
    0x8D, 0x01, 0x8D, 0x01, 0x8D, 0x01, 0x8D, 0x01, 0x8D, 0x01, 0x8D, 0x01, 0x8D, 0x01, 0x8D, 0x01,
    0x8D, 0x01, 0x8D, 0x01, 0x8D, 0x01, 0x8D, 0x01, 0x8D, 0x01, 0xA6, 0x8D, 0x01, 0x8D, 0x01, 0x8D,
    0x01, 0x8D, 0x01, 0x8D, 0x01, 0x8D, 0x01, 0x8D, 0x01, 0x8D, 0x01, 0x8D, 0x01, 0x8D, 0x01, 0x8C,
    0x01, 0x8C, 0x01, 0x8C, 0x01, 0x8C, 0x01, 0x8C, 0x01, 0x8C, 0x01, 0x8C, 0x01, 0x8C, 0x01, 0x8D,
    0x00, 0xC7, 0x13, 0x00, 0x92, 0xC7, 0x01, 0xAD, 0x01, 0x8C, 0x01, 0x8C, 0x01, 0x8C, 0x01, 0x8C,
    0x01, 0x8C, 0x01, 0x8C, 0x01, 0xAD, 0x01, 0x4A, 0x13, 0x00, 0xAE, 0xC6, 0x01, 0x8D, 0x01, 0x8C,
    0x01, 0x8C, 0x01, 0x8C, 0x01, 0x8C, 0x01, 0x8C, 0x01, 0x8C, 0x01, 0x8C, 0x01, 0x8C, 0x01, 0x8C,
    0x01, 0x8C, 0x01, 0x8C, 0x01, 0x8C, 0x01, 0x8C, 0x01, 0x8C, 0x01, 0x8C, 0x01, 0x8C, 0x01, 0x8C,
    0x01, 0x8C, 0x01, 0x8C, 0x01, 0x8C, 0x01, 0x4A, 0x00, 0x63, 0x11, 0x00, 0x8E, 0xC6, 0x01, 0x6B,
    0x01, 0xAD, 0x01, 0x8C, 0x01, 0x8C, 0x01, 0x8C, 0x01, 0x6B, 0x00, 0xC6, 0x11, 0x00, 0xFF, 0x63,
    0x01, 0x4A, 0x01, 0xAD, 0x01, 0x8C, 0x01, 0x8C, 0x01, 0x8C, 0x01, 0x8C, 0x01, 0x8C, 0x01, 0x8C,
    0x01, 0x8C, 0x01, 0x8C, 0x01, 0x8C, 0x01, 0x8C, 0x01, 0x8C, 0x01, 0x8C, 0x01, 0x8C, 0x01, 0x8C,
    0x01, 0x8C, 0x01, 0x8C, 0x01, 0x8C, 0x01, 0x8C, 0x01, 0x8C, 0x01, 0x8C, 0x01, 0x8C, 0x01, 0x8C,
    0x01, 0x8C, 0x01, 0x8C, 0x01, 0x8C, 0x01, 0x8C, 0x01, 0x8C, 0x01, 0x8C, 0x01, 0x8C, 0x01, 0x8C,
    0x01, 0x8C, 0x01, 0x8C, 0x01, 0x8C, 0x01, 0x8C, 0x01, 0x8C, 0x01, 0x8C, 0x01, 0x8C, 0x01, 0x8C,
    0x01, 0x8C, 0x01, 0x8C, 0x01, 0x8C, 0x01, 0x8C, 0x01, 0x8C, 0x01, 0x8C, 0x01, 0x8C, 0x01, 0x8C,
    0x01, 0x8C, 0x01, 0x8C, 0x01, 0x8C, 0x01, 0x8C, 0x01, 0x8C, 0x01, 0x8C, 0x01, 0x8C, 0x01, 0x8C,
    0x01, 0x8C, 0x01, 0x8C, 0x01, 0x8C, 0x01, 0x8C, 0x01, 0x8C, 0x01, 0x8C, 0x01, 0x8C, 0x01, 0xFF,
    0x8C, 0x01, 0x8C, 0x01, 0x8C, 0x01, 0x8C, 0x01, 0x8C, 0x01, 0x8C, 0x01, 0x8C, 0x01, 0x8C, 0x01,
    0x8C, 0x01, 0x8C, 0x01, 0x8C, 0x01, 0x8C, 0x01, 0x8C, 0x01, 0x8C, 0x01, 0x8C, 0x01, 0x8C, 0x01,
    0x8C, 0x01, 0x8C, 0x01, 0xAD, 0x01, 0x4A, 0x00, 0x84, 0x00, 0x84, 0x00, 0x84, 0x00, 0x84, 0x00,
    0x84, 0x00, 0x84, 0x00, 0x84, 0x00, 0x84, 0x00, 0x84, 0x01, 0x4A, 0x01, 0xAD, 0x01, 0x8C, 0x01,
    0x8C, 0x01, 0x8C, 0x01, 0x8C, 0x01, 0x8C, 0x01, 0x8C, 0x01, 0xAD, 0x01, 0x6B, 0x00, 0x84, 0x00,
    0x84, 0x00, 0x84, 0x00, 0x84, 0x00, 0x84, 0x00, 0x84, 0x00, 0x84, 0x00, 0x84, 0x00, 0x84, 0x00,
    0xC7, 0x01, 0x8D, 0x01, 0x8C, 0x01, 0x8C, 0x01, 0x8C, 0x01, 0x8C, 0x01, 0x8C, 0x01, 0x8C, 0x01,
    0x8C, 0x01, 0x8C, 0x01, 0x8C, 0x01, 0x8C, 0x01, 0x8C, 0x01, 0x8C, 0x01, 0x8C, 0x01, 0x8C, 0x01,
    0xFF, 0x8C, 0x01, 0x8C, 0x01, 0x8C, 0x01, 0x8C, 0x01, 0x8C, 0x01, 0x8C, 0x01, 0x6B, 0x00, 0xC6,
    0x00, 0x84, 0x00, 0x84, 0x00, 0x84, 0x00, 0x84, 0x00, 0x84, 0x00, 0x84, 0x00, 0x84, 0x00, 0x84,
    0x00, 0xC6, 0x01, 0x8C, 0x01, 0x8C, 0x01, 0x8C, 0x01, 0x8C, 0x01, 0x8C, 0x01, 0x8C, 0x00, 0xC7,
    0x00, 0x84, 0x00, 0x84, 0x00, 0x84, 0x00, 0x84, 0x00, 0x84, 0x00, 0x84, 0x00, 0x84, 0x00, 0x84,
    0x00, 0xC6, 0x01, 0x4A, 0x01, 0xAD, 0x01, 0x8C, 0x01, 0x8C, 0x01, 0x8C, 0x01, 0x8C, 0x01, 0x8C,
    0x01, 0x8C, 0x01, 0x8C, 0x01, 0x8C, 0x01, 0x8C, 0x01, 0x8C, 0x01, 0x8C, 0x01, 0x8C, 0x01, 0x8C,
    0x01, 0x8C, 0x01, 0x8C, 0x01, 0x8C, 0x01, 0x8C, 0x01, 0x8C, 0x01, 0x8C, 0x01, 0x8C, 0x01, 0x8C,
    0x01, 0x8C, 0x01, 0x8C, 0x01, 0x8C, 0x01, 0x8C, 0x01, 0x8C, 0x01, 0x8C, 0x01, 0x8C, 0x01, 0x8C,
    0x01, 0xFF, 0x8C, 0x01, 0x8C, 0x01, 0x8C, 0x01, 0x8C, 0x01, 0x8C, 0x01, 0x8C, 0x01, 0x8C, 0x01,
    0x8C, 0x01, 0x8C, 0x01, 0x8C, 0x01, 0x8C, 0x01, 0x8C, 0x01, 0x8C, 0x01, 0x8C, 0x01, 0x8C, 0x01,
    0x8C, 0x01, 0x8C, 0x01, 0x8C, 0x01, 0x8C, 0x01, 0x8C, 0x01, 0x8C, 0x01, 0x8C, 0x01, 0x8C, 0x01,
    0x8C, 0x01, 0x8C, 0x01, 0x8C, 0x01, 0x8C, 0x01, 0x8C, 0x01, 0x8C, 0x01, 0x8C, 0x01, 0x8C, 0x01,
    0x8C, 0x01, 0x8C, 0x01, 0x8C, 0x01, 0x8C, 0x01, 0x8C, 0x01, 0x8C, 0x01, 0x8C, 0x01, 0x8C, 0x01,
    0x8C, 0x01, 0x8C, 0x01, 0x8C, 0x01, 0x8C, 0x01, 0x8C, 0x01, 0x8C, 0x01, 0x8C, 0x01, 0x8C, 0x01,
    0x8C, 0x01, 0x8C, 0x01, 0x8C, 0x01, 0x8C, 0x01, 0x8C, 0x01, 0x6B, 0x01, 0x6B, 0x01, 0x6B, 0x01,
    0x6B, 0x01, 0x6B, 0x01, 0x6B, 0x01, 0x6B, 0x01, 0x6B, 0x01, 0x6B, 0x01, 0x8C, 0x01, 0x8C, 0x01,
    0x8C, 0x01, 0xFF, 0x8C, 0x01, 0x8C, 0x01, 0x8C, 0x01, 0x8C, 0x01, 0x8C, 0x01, 0x8C, 0x01, 0x8C,
    0x01, 0x6B, 0x01, 0x6B, 0x01, 0x6B, 0x01, 0x6B, 0x01, 0x6B, 0x01, 0x6B, 0x01, 0x6B, 0x01, 0x6B,
    0x01, 0x6B, 0x01, 0x6B, 0x01, 0x8C, 0x01, 0x8C, 0x01, 0x8C, 0x01, 0x8C, 0x01, 0x8C, 0x01, 0x8C,
    0x01, 0x8C, 0x01, 0x8C, 0x01, 0x8C, 0x01, 0x8C, 0x01, 0x8C, 0x01, 0x8C, 0x01, 0x8C, 0x01, 0x8C,
    0x01, 0x8C, 0x01, 0x8C, 0x01, 0x8C, 0x01, 0x8C, 0x01, 0x8C, 0x01, 0x8C, 0x01, 0x8C, 0x01, 0x8C,
    0x01, 0x6B, 0x01, 0x6B, 0x01, 0x6B, 0x01, 0x6B, 0x01, 0x6B, 0x01, 0x6B, 0x01, 0x6B, 0x01, 0x6B,
    0x01, 0x6B, 0x01, 0x6B, 0x01, 0x8C, 0x01, 0x8C, 0x01, 0x8C, 0x01, 0x8C, 0x01, 0x8C, 0x01, 0x8C,
    0x01, 0x6B, 0x01, 0x6B, 0x01, 0x6B, 0x01, 0x6B, 0x01, 0x6B, 0x01, 0x6B, 0x01, 0x6B, 0x01, 0x6B,
    0x01, 0x6B, 0x01, 0xFF, 0x6B, 0x01, 0x8C, 0x01, 0x8C, 0x01, 0x8C, 0x01, 0x8C, 0x01, 0x8C, 0x01,
    0x8C, 0x01, 0x8C, 0x01, 0x8C, 0x01, 0x8C, 0x01, 0x8C, 0x01, 0x8C, 0x01, 0x8C, 0x01, 0x8C, 0x01,
    0x8C, 0x01, 0x8C, 0x01, 0x8C, 0x01, 0x8C, 0x01, 0x8C, 0x01, 0x8C, 0x01, 0x8C, 0x01, 0x8C, 0x01,
    0x8C, 0x01, 0x8C, 0x01, 0x8C, 0x01, 0x8C, 0x01, 0x8C, 0x01, 0x8C, 0x01, 0x8C, 0x01, 0x8C, 0x01,
    0x8C, 0x01, 0x8C, 0x01, 0x8C, 0x01, 0x8C, 0x01, 0x8C, 0x01, 0x8C, 0x01, 0x8C, 0x01, 0x8C, 0x01,
    0x8C, 0x01, 0x8C, 0x01, 0x8C, 0x01, 0x8C, 0x01, 0x8C, 0x01, 0x8C, 0x01, 0x8C, 0x01, 0x8C, 0x01,
    0x8C, 0x01, 0x8C, 0x01, 0x8C, 0x01, 0x8C, 0x01, 0x8C, 0x01, 0x8C, 0x01, 0x8C, 0x01, 0x8C, 0x01,
    0x8C, 0x01, 0x8C, 0x01, 0x8C, 0x01, 0x8C, 0x01, 0x8C, 0x01, 0x8C, 0x01, 0x8C, 0x01, 0x8C, 0x01,
    0x8C, 0x01, 0x8C, 0x01, 0xFF, 0x8C, 0x01, 0x8C, 0x01, 0x8C, 0x01, 0x8C, 0x01, 0x8C, 0x01, 0x8C,
    0x01, 0x8C, 0x01, 0x8C, 0x01, 0x8C, 0x01, 0x8C, 0x01, 0x8C, 0x01, 0x8C, 0x01, 0x8C, 0x01, 0x8C,
    0x01, 0x8C, 0x01, 0x8C, 0x01, 0x8C, 0x01, 0x8C, 0x01, 0x8C, 0x01, 0x8C, 0x01, 0xAD, 0x01, 0xAD,
    0x01, 0xAD, 0x01, 0xAD, 0x01, 0xAD, 0x01, 0xAD, 0x01, 0xAD, 0x01, 0xAD, 0x01, 0xAD, 0x01, 0x8C,
    0x01, 0x8C, 0x01, 0x8C, 0x01, 0x8C, 0x01, 0x8C, 0x01, 0x8C, 0x01, 0x8C, 0x01, 0x8C, 0x01, 0x8C,
    0x01, 0x8C, 0x01, 0xAD, 0x01, 0xAD, 0x01, 0xAD, 0x01, 0xAD, 0x01, 0xAD, 0x01, 0xAD, 0x01, 0xAD,
    0x01, 0xAD, 0x01, 0xAD, 0x01, 0xAD, 0x01, 0x8C, 0x01, 0x8C, 0x01, 0x8C, 0x01, 0x8C, 0x01, 0x8C,
    0x01, 0x8C, 0x01, 0x8C, 0x01, 0x8C, 0x01, 0x8C, 0x01, 0x8C, 0x01, 0x8C, 0x01, 0x8C, 0x01, 0x8C,
    0x01, 0x8C, 0x01, 0x8C, 0x01, 0xFF, 0x8C, 0x01, 0x8C, 0x01, 0x8C, 0x01, 0x8C, 0x01, 0x8C, 0x01,
    0x8C, 0x01, 0x8C, 0x01, 0xAD, 0x01, 0xAD, 0x01, 0xAD, 0x01, 0xAD, 0x01, 0xAD, 0x01, 0xAD, 0x01,
    0xAD, 0x01, 0xAD, 0x01, 0xAD, 0x01, 0x8C, 0x01, 0x8C, 0x01, 0x8C, 0x01, 0x8C, 0x01, 0x8C, 0x01,
    0x8C, 0x01, 0x8C, 0x01, 0x8C, 0x01, 0xAD, 0x01, 0xAD, 0x01, 0xAD, 0x01, 0xAD, 0x01, 0xAD, 0x01,
    0xAD, 0x01, 0xAD, 0x01, 0xAD, 0x01, 0xAD, 0x01, 0x8C, 0x01, 0x8C, 0x01, 0x8C, 0x01, 0x8C, 0x01,
    0x8C, 0x01, 0x8C, 0x01, 0x8C, 0x01, 0x8C, 0x01, 0x8C, 0x01, 0x8C, 0x01, 0x8C, 0x01, 0x8C, 0x01,
    0x8C, 0x01, 0x8C, 0x01, 0x8C, 0x01, 0x8C, 0x01, 0x8C, 0x01, 0x8C, 0x01, 0x8C, 0x01, 0x8C, 0x01,
    0x8C, 0x01, 0x8C, 0x01, 0x8C, 0x01, 0x8C, 0x01, 0x8C, 0x01, 0x8C, 0x01, 0x8C, 0x01, 0x8C, 0x01,
    0x8C, 0x01, 0x8C, 0x01, 0x8C, 0x01, 0xFF, 0x8C, 0x01, 0x8C, 0x01, 0x8C, 0x01, 0x8C, 0x01, 0x8C,
    0x01, 0x8C, 0x01, 0x8C, 0x01, 0x8C, 0x01, 0x8C, 0x01, 0x8C, 0x01, 0x8C, 0x01, 0x8C, 0x01, 0x8C,
    0x01, 0x8C, 0x01, 0x8C, 0x01, 0x8C, 0x01, 0x8C, 0x01, 0x8C, 0x01, 0x8C, 0x01, 0x8C, 0x01, 0x8C,
    0x01, 0x8C, 0x01, 0x8C, 0x01, 0x8C, 0x01, 0x8C, 0x01, 0x8C, 0x01, 0x8C, 0x01, 0x8C, 0x01, 0x8C,
    0x01, 0x8C, 0x01, 0x8C, 0x01, 0x8C, 0x01, 0x8C, 0x01, 0x8C, 0x01, 0x8C, 0x01, 0x8C, 0x01, 0x8C,
    0x01, 0x8C, 0x01, 0x8C, 0x01, 0x8C, 0x01, 0x8C, 0x01, 0x8C, 0x01, 0x8C, 0x01, 0x8C, 0x01, 0x8C,
    0x01, 0x8C, 0x01, 0x8C, 0x01, 0x8C, 0x01, 0x8C, 0x01, 0x8C, 0x01, 0x8C, 0x01, 0x8C, 0x01, 0x8C,
    0x01, 0x8C, 0x01, 0x8C, 0x01, 0x8C, 0x01, 0x8C, 0x01, 0x8C, 0x01, 0x8C, 0x01, 0x8C, 0x01, 0x8C,
    0x01, 0x8C, 0x01, 0x8C, 0x01, 0x8C, 0x01, 0xFF, 0x8C, 0x01, 0x8C, 0x01, 0x8C, 0x01, 0x8C, 0x01,
    0x8C, 0x01, 0x8C, 0x01, 0x8C, 0x01, 0x8C, 0x01, 0x8C, 0x01, 0x8C, 0x01, 0x8C, 0x01, 0x8C, 0x01,
    0x8C, 0x01, 0x8C, 0x01, 0x8C, 0x01, 0x8C, 0x01, 0x8C, 0x01, 0x8C, 0x01, 0x8C, 0x01, 0x8C, 0x01,
    0x8C, 0x01, 0x8C, 0x01, 0x8C, 0x01, 0x8C, 0x01, 0x8C, 0x01, 0x8C, 0x01, 0x8C, 0x01, 0x8C, 0x01,
    0x8C, 0x01, 0x8C, 0x01, 0x8C, 0x01, 0x8C, 0x01, 0x8C, 0x01, 0x8C, 0x01, 0x8C, 0x01, 0x8C, 0x01,
    0x8C, 0x01, 0x8C, 0x01, 0x8C, 0x01, 0x8C, 0x01, 0x8C, 0x01, 0x8C, 0x01, 0x8C, 0x01, 0x8C, 0x01,
    0x8C, 0x01, 0x8C, 0x01, 0x8C, 0x01, 0x8C, 0x01, 0x8C, 0x01, 0x8C, 0x01, 0x8C, 0x01, 0x8C, 0x01,
    0x8C, 0x01, 0x8C, 0x01, 0x8C, 0x01, 0x8C, 0x01, 0x8C, 0x01, 0x8C, 0x01, 0x8C, 0x01, 0x8C, 0x01,
    0x8C, 0x01, 0x8C, 0x01, 0x8C, 0x01, 0x8C, 0x01, 0xFF, 0x8C, 0x01, 0x8C, 0x01, 0x8C, 0x01, 0x8C,
    0x01, 0x8C, 0x01, 0x8C, 0x01, 0x8C, 0x01, 0x8C, 0x01, 0x8C, 0x01, 0x8C, 0x01, 0x8C, 0x01, 0x8C,
    0x01, 0x8C, 0x01, 0x8C, 0x01, 0x8C, 0x01, 0x8C, 0x01, 0x8C, 0x01, 0x8C, 0x01, 0x8C, 0x01, 0x8C,
    0x01, 0x8C, 0x01, 0x8C, 0x01, 0x8C, 0x01, 0x8C, 0x01, 0x8C, 0x01, 0x8C, 0x01, 0x8C, 0x01, 0x8C,
    0x01, 0x8C, 0x01, 0x8C, 0x01, 0x8C, 0x01, 0x8C, 0x01, 0x8C, 0x01, 0x8C, 0x01, 0x8C, 0x01, 0x8C,
    0x01, 0x8C, 0x01, 0x8C, 0x01, 0x8C, 0x01, 0x8C, 0x01, 0x8C, 0x01, 0x8C, 0x01, 0x8C, 0x01, 0x8C,
    0x01, 0x8C, 0x01, 0x8C, 0x01, 0x8C, 0x01, 0x8C, 0x01, 0x8C, 0x01, 0x8C, 0x01, 0x8C, 0x01, 0x8C,
    0x01, 0x8C, 0x01, 0x8C, 0x01, 0x8C, 0x01, 0x8C, 0x01, 0x8C, 0x01, 0x8C, 0x01, 0x8C, 0x01, 0x8C,
    0x01, 0x8C, 0x01, 0x8C, 0x01, 0x8C, 0x01, 0x8C, 0x01, 0xFF, 0x8C, 0x01, 0x8C, 0x01, 0x8C, 0x01,
    0x8C, 0x01, 0x8C, 0x01, 0x8C, 0x01, 0x8C, 0x01, 0x8C, 0x01, 0x8C, 0x01, 0x8C, 0x01, 0x8C, 0x01,
    0x8C, 0x01, 0x8C, 0x01, 0x8C, 0x01, 0x8C, 0x01, 0x8C, 0x01, 0x8C, 0x01, 0x8C, 0x01, 0x8C, 0x01,
    0x8C, 0x01, 0x8C, 0x01, 0x8C, 0x01, 0x8C, 0x01, 0x8C, 0x01, 0x8C, 0x01, 0x8C, 0x01, 0x8C, 0x01,
    0x8C, 0x01, 0x8C, 0x01, 0x8C, 0x01, 0x8C, 0x01, 0x8C, 0x01, 0x8C, 0x01, 0x8C, 0x01, 0x8C, 0x01,
    0x8C, 0x01, 0x8C, 0x01, 0x8C, 0x01, 0x8C, 0x01, 0x8C, 0x01, 0x8C, 0x01, 0x8C, 0x01, 0x8C, 0x01,
    0x8C, 0x01, 0x8C, 0x01, 0x8C, 0x01, 0x8C, 0x01, 0x8C, 0x01, 0x8C, 0x01, 0x8C, 0x01, 0x8C, 0x01,
    0x8C, 0x01, 0x8C, 0x01, 0x8C, 0x01, 0x8C, 0x01, 0x8C, 0x01, 0x8C, 0x01, 0x8C, 0x01, 0x8C, 0x01,
    0x8C, 0x01, 0x8C, 0x01, 0x8C, 0x01, 0x8C, 0x01, 0x8C, 0x01, 0xFF, 0x8C, 0x01, 0x8C, 0x01, 0x8C,
    0x01, 0x8C, 0x01, 0x8C, 0x01, 0x8C, 0x01, 0x8C, 0x01, 0x8C, 0x01, 0x8C, 0x01, 0x8C, 0x01, 0x8C,
    0x01, 0x8C, 0x01, 0x8C, 0x01, 0x8C, 0x01, 0x8C, 0x01, 0x8C, 0x01, 0x8C, 0x01, 0x8C, 0x01, 0x8C,
    0x01, 0x8C, 0x01, 0x8C, 0x01, 0x8C, 0x01, 0x8C, 0x01, 0x8C, 0x01, 0x8C, 0x01, 0x8C, 0x01, 0x8C,
    0x01, 0x8C, 0x01, 0x8C, 0x01, 0x8C, 0x01, 0x8C, 0x01, 0x8C, 0x01, 0x8C, 0x01, 0x8C, 0x01, 0x8C,
    0x01, 0x8C, 0x01, 0x8C, 0x01, 0x8C, 0x01, 0x8C, 0x01, 0x8C, 0x01, 0x8C, 0x01, 0x8C, 0x01, 0x8C,
    0x01, 0x8C, 0x01, 0x8C, 0x01, 0x8C, 0x01, 0x8C, 0x01, 0x8C, 0x01, 0x8C, 0x01, 0x8C, 0x01, 0x8C,
    0x01, 0x8C, 0x01, 0x8C, 0x01, 0x8C, 0x01, 0x8C, 0x01, 0x8C, 0x01, 0x8C, 0x01, 0x8C, 0x01, 0x8C,
    0x01, 0x8C, 0x01, 0x8C, 0x01, 0x8C, 0x01, 0x8C, 0x01, 0x8C, 0x01, 0x98, 0x8C, 0x01, 0x8C, 0x01,
    0x8C, 0x01, 0x8C, 0x01, 0x8C, 0x01, 0x8C, 0x01, 0x8C, 0x01, 0x8C, 0x01, 0x8C, 0x01, 0x8C, 0x01,
    0x8C, 0x01, 0x8C, 0x01, 0x8C,
};
// clang-format on
